条件,場所･距離,ﾚｰｽ数,逃げ,先行,差し,追込,マクリ,
２歳・新馬,札幌・芝1000m,    1,50.0,50.0,0.0,0.0,0.0,
２歳・新馬,札幌・芝1200m,   12,25.0,58.3,16.7,0.0,0.0,
２歳・未勝利,札幌・芝1200m,   25,22.0,54.0,20.0,4.0,0.0,
２歳・オープン,札幌・芝1200m,    6,0.0,41.7,41.7,16.7,0.0,
３歳・未勝利,札幌・芝1200m,   26,21.2,46.2,26.9,5.8,0.0,
古馬・１勝,札幌・芝1200m,   38,15.8,34.2,40.8,9.2,0.0,
古馬・２勝,札幌・芝1200m,   30,6.7,43.3,41.7,6.7,1.7,
古馬・３勝,札幌・芝1200m,    6,16.7,50.0,33.3,0.0,0.0,
古馬・オープン,札幌・芝1200m,   16,21.9,37.5,31.3,9.4,0.0,
２歳・新馬,札幌・芝1500m,   22,22.7,50.0,22.7,0.0,4.5,
２歳・未勝利,札幌・芝1500m,   22,15.9,61.4,13.6,6.8,2.3,
２歳・オープン,札幌・芝1500m,    6,16.7,50.0,33.3,0.0,0.0,
３歳・未勝利,札幌・芝1500m,   24,16.7,52.1,20.8,10.4,0.0,
古馬・１勝,札幌・芝1500m,   30,13.3,50.0,28.3,8.3,0.0,
古馬・２勝,札幌・芝1500m,   12,16.7,50.0,25.0,8.3,0.0,
古馬・３勝,札幌・芝1500m,    6,16.7,41.7,16.7,25.0,0.0,
２歳・新馬,札幌・芝1800m,   25,24.0,66.0,10.0,0.0,0.0,
２歳・未勝利,札幌・芝1800m,   25,14.0,60.0,10.0,2.0,14.0,
２歳・オープン,札幌・芝1800m,   12,16.7,58.3,4.2,12.5,8.3,
３歳・未勝利,札幌・芝1800m,    7,7.1,64.3,21.4,7.1,0.0,
古馬・１勝,札幌・芝1800m,   37,16.2,56.8,17.6,2.7,6.8,
古馬・２勝,札幌・芝1800m,   13,11.5,53.8,30.8,3.8,0.0,
古馬・３勝,札幌・芝1800m,    2,0.0,25.0,25.0,50.0,0.0,
古馬・オープン,札幌・芝1800m,    5,0.0,30.0,40.0,30.0,0.0,
２歳・新馬,札幌・芝2000m,    8,25.0,56.3,0.0,0.0,18.8,
２歳・未勝利,札幌・芝2000m,    6,16.7,58.3,16.7,0.0,8.3,
３歳・未勝利,札幌・芝2000m,   54,16.7,46.3,29.6,1.9,5.6,
古馬・１勝,札幌・芝2000m,   34,20.6,47.1,22.1,4.4,5.9,
古馬・２勝,札幌・芝2000m,   17,20.6,47.1,23.5,5.9,2.9,
古馬・３勝,札幌・芝2000m,    9,0.0,38.9,61.1,0.0,0.0,
古馬・オープン,札幌・芝2000m,    6,16.7,33.3,33.3,0.0,16.7,
３歳・未勝利,札幌・芝2600m,   12,16.7,62.5,16.7,4.2,0.0,
古馬・１勝,札幌・芝2600m,   19,10.5,52.6,18.4,0.0,18.4,
古馬・２勝,札幌・芝2600m,   11,13.6,59.1,22.7,0.0,4.5,
古馬・オープン,札幌・芝2600m,   11,4.5,68.2,9.1,4.5,13.6,
２歳・新馬,札幌・ダ1000m,    1,0.0,100.0,0.0,0.0,0.0,
２歳・未勝利,札幌・ダ1000m,    6,41.7,58.3,0.0,0.0,0.0,
３歳・未勝利,札幌・ダ1000m,   45,23.3,60.0,15.6,1.1,0.0,
古馬・１勝,札幌・ダ1000m,   43,25.6,54.7,14.0,5.8,0.0,
古馬・２勝,札幌・ダ1000m,   11,13.6,40.9,40.9,4.5,0.0,
２歳・新馬,札幌・ダ1700m,   11,4.5,81.8,9.1,0.0,4.5,
２歳・未勝利,札幌・ダ1700m,   17,23.5,55.9,11.8,2.9,5.9,
３歳・未勝利,札幌・ダ1700m,  124,16.1,58.9,14.9,0.4,9.7,
古馬・１勝,札幌・ダ1700m,   90,14.4,57.8,21.1,1.1,5.6,
古馬・２勝,札幌・ダ1700m,   36,8.3,52.8,29.2,2.8,6.9,
古馬・３勝,札幌・ダ1700m,   11,9.1,68.2,13.6,4.5,4.5,
古馬・オープン,札幌・ダ1700m,    6,0.0,75.0,16.7,0.0,8.3,
３歳・未勝利,札幌・ダ2400m,    6,25.0,58.3,8.3,0.0,8.3,
古馬・１勝,札幌・ダ2400m,    6,25.0,66.7,8.3,0.0,0.0,
２歳・新馬,函館・芝1000m,    5,40.0,50.0,10.0,0.0,0.0,
２歳・新馬,函館・芝1200m,   39,26.9,62.8,6.4,3.8,0.0,
２歳・未勝利,函館・芝1200m,   31,19.4,62.9,14.5,3.2,0.0,
２歳・オープン,函館・芝1200m,    6,25.0,58.3,16.7,0.0,0.0,
３歳・未勝利,函館・芝1200m,   60,20.8,36.7,37.5,5.0,0.0,
古馬・１勝,函館・芝1200m,   65,21.5,46.9,21.5,10.0,0.0,
古馬・２勝,函館・芝1200m,   36,15.3,37.5,36.1,11.1,0.0,
古馬・３勝,函館・芝1200m,   12,4.2,50.0,33.3,12.5,0.0,
古馬・オープン,函館・芝1200m,    9,11.1,50.0,38.9,0.0,0.0,
２歳・新馬,函館・芝1800m,   20,30.0,55.0,7.5,0.0,7.5,
２歳・未勝利,函館・芝1800m,    8,12.5,56.3,25.0,0.0,6.3,
３歳・未勝利,函館・芝1800m,   36,8.3,54.2,29.2,4.2,4.2,
古馬・１勝,函館・芝1800m,   31,19.4,48.4,17.7,11.3,4.8,
古馬・２勝,函館・芝1800m,   18,25.0,47.2,22.2,2.8,2.8,
古馬・３勝,函館・芝1800m,    4,0.0,12.5,50.0,12.5,25.0,
古馬・オープン,函館・芝1800m,    7,14.3,64.3,7.1,7.1,7.1,
２歳・新馬,函館・芝2000m,    1,50.0,50.0,0.0,0.0,0.0,
３歳・未勝利,函館・芝2000m,   39,11.5,47.4,32.1,1.3,7.7,
古馬・１勝,函館・芝2000m,   30,18.3,53.3,16.7,5.0,8.3,
古馬・２勝,函館・芝2000m,    6,16.7,41.7,33.3,0.0,8.3,
古馬・３勝,函館・芝2000m,    3,0.0,33.3,33.3,16.7,16.7,
古馬・オープン,函館・芝2000m,    6,0.0,33.3,50.0,8.3,8.3,
３歳・未勝利,函館・芝2600m,   12,0.0,58.3,29.2,8.3,4.2,
古馬・１勝,函館・芝2600m,   17,5.9,61.8,23.5,5.9,2.9,
古馬・２勝,函館・芝2600m,    7,21.4,57.1,7.1,7.1,7.1,
古馬・オープン,函館・芝2600m,    1,50.0,50.0,0.0,0.0,0.0,
２歳・新馬,函館・ダ1000m,   11,40.9,45.5,13.6,0.0,0.0,
２歳・未勝利,函館・ダ1000m,    7,14.3,71.4,14.3,0.0,0.0,
３歳・未勝利,函館・ダ1000m,   52,26.0,61.5,12.5,0.0,0.0,
古馬・１勝,函館・ダ1000m,   41,34.1,50.0,11.0,4.9,0.0,
古馬・２勝,函館・ダ1000m,    7,28.6,50.0,21.4,0.0,0.0,
２歳・新馬,函館・ダ1700m,    1,50.0,50.0,0.0,0.0,0.0,
２歳・未勝利,函館・ダ1700m,    1,50.0,50.0,0.0,0.0,0.0,
３歳・未勝利,函館・ダ1700m,  106,17.5,58.0,17.9,1.9,4.7,
古馬・１勝,函館・ダ1700m,   72,18.8,54.2,18.8,2.1,6.3,
古馬・２勝,函館・ダ1700m,   30,21.7,51.7,13.3,3.3,10.0,
古馬・３勝,函館・ダ1700m,    1,50.0,0.0,0.0,0.0,50.0,
古馬・オープン,函館・ダ1700m,   12,16.7,54.2,25.0,4.2,0.0,
３歳・未勝利,函館・ダ2400m,    8,43.8,50.0,6.3,0.0,0.0,
古馬・１勝,函館・ダ2400m,    6,33.3,41.7,16.7,0.0,8.3,
２歳・新馬,福島・芝1200m,   43,25.6,41.9,32.6,0.0,0.0,
２歳・未勝利,福島・芝1200m,   37,23.0,52.7,17.6,5.4,1.4,
２歳・オープン,福島・芝1200m,    6,0.0,33.3,50.0,16.7,0.0,
３歳・未勝利,福島・芝1200m,   61,27.9,50.0,21.3,0.8,0.0,
３歳・１勝,福島・芝1200m,    6,8.3,50.0,41.7,0.0,0.0,
古馬・１勝,福島・芝1200m,   98,16.8,46.9,28.6,8.2,0.0,
古馬・２勝,福島・芝1200m,   28,8.9,28.6,55.4,8.9,0.0,
古馬・３勝,福島・芝1200m,   15,10.0,40.0,40.0,10.0,0.0,
古馬・オープン,福島・芝1200m,   12,12.5,70.8,12.5,4.2,0.0,
２歳・新馬,福島・芝1800m,   32,15.6,57.8,21.9,1.6,3.1,
２歳・未勝利,福島・芝1800m,   30,21.7,46.7,25.0,0.0,6.7,
３歳・未勝利,福島・芝1800m,   33,12.1,56.1,25.8,3.0,3.0,
３歳・オープン,福島・芝1800m,    6,16.7,58.3,16.7,8.3,0.0,
古馬・１勝,福島・芝1800m,   53,11.3,43.4,33.0,9.4,3.8,
古馬・２勝,福島・芝1800m,   15,20.0,40.0,40.0,3.3,0.0,
古馬・３勝,福島・芝1800m,    3,16.7,33.3,50.0,0.0,0.0,
古馬・オープン,福島・芝1800m,    5,0.0,50.0,50.0,0.0,0.0,
２歳・新馬,福島・芝2000m,   16,15.6,53.1,18.8,3.1,9.4,
２歳・未勝利,福島・芝2000m,    7,7.1,50.0,35.7,0.0,7.1,
３歳・未勝利,福島・芝2000m,   39,11.5,53.8,30.8,2.6,1.3,
３歳・１勝,福島・芝2000m,    4,12.5,50.0,25.0,12.5,0.0,
古馬・１勝,福島・芝2000m,   49,6.1,42.9,37.8,9.2,4.1,
古馬・２勝,福島・芝2000m,    8,18.8,62.5,18.8,0.0,0.0,
古馬・３勝,福島・芝2000m,    6,25.0,41.7,16.7,8.3,8.3,
古馬・オープン,福島・芝2000m,   17,11.8,35.3,44.1,2.9,5.9,
３歳・未勝利,福島・芝2600m,   13,11.5,57.7,23.1,7.7,0.0,
古馬・１勝,福島・芝2600m,   37,13.5,40.5,36.5,5.4,4.1,
古馬・２勝,福島・芝2600m,   17,11.8,44.1,26.5,5.9,11.8,
２歳・新馬,福島・ダ1150m,   12,41.7,50.0,8.3,0.0,0.0,
２歳・未勝利,福島・ダ1150m,   24,37.5,47.9,14.6,0.0,0.0,
３歳・未勝利,福島・ダ1150m,   51,27.5,57.8,14.7,0.0,0.0,
古馬・１勝,福島・ダ1150m,   77,27.9,46.1,20.8,5.2,0.0,
古馬・２勝,福島・ダ1150m,   23,17.4,52.2,28.3,2.2,0.0,
古馬・３勝,福島・ダ1150m,   15,20.0,46.7,30.0,3.3,0.0,
古馬・オープン,福島・ダ1150m,    3,0.0,83.3,16.7,0.0,0.0,
２歳・新馬,福島・ダ1700m,    8,37.5,43.8,18.8,0.0,0.0,
２歳・未勝利,福島・ダ1700m,   28,25.0,51.8,16.1,3.6,3.6,
３歳・未勝利,福島・ダ1700m,  104,24.0,55.3,17.3,0.5,2.9,
古馬・１勝,福島・ダ1700m,  113,20.8,50.9,20.8,3.5,4.0,
古馬・２勝,福島・ダ1700m,   39,17.9,53.8,21.8,0.0,6.4,
古馬・３勝,福島・ダ1700m,   15,20.0,53.3,23.3,3.3,0.0,
古馬・オープン,福島・ダ1700m,   15,16.7,43.3,33.3,3.3,3.3,
古馬・１勝,福島・ダ2400m,   11,18.2,59.1,13.6,0.0,9.1,
２歳・未勝利,新潟・芝1000m,   15,0.0,0.0,0.0,0.0,0.0,
３歳・未勝利,新潟・芝1000m,   17,0.0,0.0,0.0,0.0,0.0,
３歳・１勝,新潟・芝1000m,    6,0.0,0.0,0.0,0.0,0.0,
古馬・１勝,新潟・芝1000m,   49,0.0,0.0,0.0,0.0,0.0,
古馬・２勝,新潟・芝1000m,   19,0.0,0.0,0.0,0.0,0.0,
古馬・３勝,新潟・芝1000m,   10,0.0,0.0,0.0,0.0,0.0,
古馬・オープン,新潟・芝1000m,   18,0.0,0.0,0.0,0.0,0.0,
２歳・新馬,新潟・芝1200m,   10,35.0,20.0,45.0,0.0,0.0,
２歳・未勝利,新潟・芝1200m,   15,30.0,36.7,30.0,3.3,0.0,
３歳・未勝利,新潟・芝1200m,   26,21.2,42.3,28.8,9.6,0.0,
３歳・１勝,新潟・芝1200m,    6,8.3,41.7,33.3,16.7,0.0,
古馬・１勝,新潟・芝1200m,   25,16.0,36.0,40.0,8.0,0.0,
古馬・２勝,新潟・芝1200m,   15,10.0,43.3,26.7,20.0,0.0,
古馬・３勝,新潟・芝1200m,    8,18.8,50.0,25.0,6.3,0.0,
２歳・新馬,新潟・芝1400m,   24,14.6,47.9,37.5,0.0,0.0,
２歳・未勝利,新潟・芝1400m,   23,21.7,26.1,43.5,8.7,0.0,
２歳・オープン,新潟・芝1400m,    6,8.3,50.0,33.3,8.3,0.0,
３歳・未勝利,新潟・芝1400m,   24,12.5,33.3,45.8,8.3,0.0,
古馬・１勝,新潟・芝1400m,   31,19.4,32.3,40.3,8.1,0.0,
古馬・２勝,新潟・芝1400m,   11,22.7,22.7,54.5,0.0,0.0,
古馬・３勝,新潟・芝1400m,    6,8.3,33.3,58.3,0.0,0.0,
古馬・オープン,新潟・芝1400m,   12,16.7,25.0,41.7,16.7,0.0,
２歳・新馬,新潟・芝1600m,   45,15.6,35.6,41.1,7.8,0.0,
２歳・未勝利,新潟・芝1600m,   32,15.6,53.1,21.9,9.4,0.0,
２歳・オープン,新潟・芝1600m,    6,8.3,25.0,66.7,0.0,0.0,
３歳・未勝利,新潟・芝1600m,   24,6.3,29.2,50.0,14.6,0.0,
古馬・１勝,新潟・芝1600m,   35,7.1,35.7,50.0,8.6,0.0,
古馬・２勝,新潟・芝1600m,   14,7.1,32.1,46.4,14.3,0.0,
古馬・３勝,新潟・芝1600m,    6,16.7,16.7,58.3,8.3,0.0,
古馬・オープン,新潟・芝1600m,   11,27.3,27.3,40.9,9.1,0.0,
２歳・新馬,新潟・芝1800m,   33,19.7,33.3,37.9,9.1,0.0,
２歳・未勝利,新潟・芝1800m,   26,13.5,38.5,25.0,23.1,0.0,
３歳・未勝利,新潟・芝1800m,   45,10.0,27.8,47.8,14.4,0.0,
３歳・１勝,新潟・芝1800m,    3,16.7,33.3,16.7,33.3,0.0,
古馬・１勝,新潟・芝1800m,   59,16.1,31.4,40.7,11.9,0.0,
古馬・２勝,新潟・芝1800m,   16,12.5,40.6,28.1,18.8,0.0,
古馬・３勝,新潟・芝1800m,   11,18.2,27.3,36.4,18.2,0.0,
古馬・オープン,新潟・芝1800m,    7,7.1,28.6,50.0,14.3,0.0,
２歳・新馬,新潟・芝2000m,    8,12.5,43.8,31.3,6.3,6.3,
２歳・未勝利,新潟・芝2000m,   21,14.3,54.8,16.7,9.5,4.8,
３歳・未勝利,新潟・芝2000m,   48,9.4,47.9,35.4,5.2,2.1,
３歳・１勝,新潟・芝2000m,    1,0.0,100.0,0.0,0.0,0.0,
古馬・１勝,新潟・芝2000m,   43,8.1,29.1,38.4,24.4,0.0,
古馬・２勝,新潟・芝2000m,   20,10.0,45.0,25.0,20.0,0.0,
古馬・３勝,新潟・芝2000m,    6,0.0,33.3,41.7,25.0,0.0,
古馬・オープン,新潟・芝2000m,   13,19.2,15.4,42.3,23.1,0.0,
３歳・未勝利,新潟・芝2200m,   17,14.7,32.4,41.2,11.8,0.0,
古馬・１勝,新潟・芝2200m,   24,8.3,43.8,33.3,8.3,6.3,
古馬・２勝,新潟・芝2200m,    6,16.7,50.0,25.0,8.3,0.0,
古馬・３勝,新潟・芝2200m,    6,8.3,33.3,16.7,41.7,0.0,
古馬・オープン,新潟・芝2200m,    6,0.0,41.7,33.3,25.0,0.0,
３歳・未勝利,新潟・芝2400m,   13,7.7,42.3,34.6,7.7,7.7,
古馬・１勝,新潟・芝2400m,   17,17.6,47.1,29.4,2.9,5.9,
古馬・２勝,新潟・芝2400m,    1,50.0,0.0,0.0,50.0,0.0,
２歳・新馬,新潟・ダ1200m,   19,34.2,47.4,18.4,0.0,0.0,
２歳・未勝利,新潟・ダ1200m,   33,34.8,47.0,15.2,3.0,0.0,
３歳・未勝利,新潟・ダ1200m,  119,24.4,55.5,18.5,1.7,0.0,
古馬・１勝,新潟・ダ1200m,  148,17.9,51.7,21.6,8.8,0.0,
古馬・２勝,新潟・ダ1200m,   32,10.9,43.8,39.1,7.8,0.0,
古馬・３勝,新潟・ダ1200m,   14,7.1,46.4,35.7,10.7,0.0,
古馬・オープン,新潟・ダ1200m,    9,5.6,50.0,33.3,11.1,0.0,
２歳・新馬,新潟・ダ1800m,   17,23.5,61.8,11.8,2.9,0.0,
２歳・未勝利,新潟・ダ1800m,   31,22.6,58.1,12.9,4.8,1.6,
３歳・未勝利,新潟・ダ1800m,  162,18.2,53.7,24.4,2.5,1.2,
３歳・１勝,新潟・ダ1800m,    6,8.3,66.7,25.0,0.0,0.0,
３歳・オープン,新潟・ダ1800m,    6,8.3,75.0,16.7,0.0,0.0,
古馬・１勝,新潟・ダ1800m,  158,16.8,53.8,20.6,4.1,4.7,
古馬・２勝,新潟・ダ1800m,   58,9.5,61.2,21.6,5.2,2.6,
古馬・３勝,新潟・ダ1800m,   16,18.8,53.1,25.0,3.1,0.0,
古馬・オープン,新潟・ダ1800m,    7,28.6,35.7,21.4,14.3,0.0,
３歳・未勝利,新潟・ダ2500m,    1,0.0,50.0,0.0,0.0,50.0,
古馬・１勝,新潟・ダ2500m,    8,12.5,50.0,18.8,12.5,6.3,
２歳・新馬,東京・芝1400m,   48,16.7,32.3,47.9,4.2,0.0,
２歳・未勝利,東京・芝1400m,   41,18.3,31.7,41.5,8.5,0.0,
２歳・１勝,東京・芝1400m,   11,27.3,45.5,13.6,13.6,0.0,
２歳・オープン,東京・芝1400m,    6,8.3,50.0,41.7,0.0,0.0,
３歳・未勝利,東京・芝1400m,   42,8.3,40.5,47.6,4.8,0.0,
３歳・１勝,東京・芝1400m,   24,4.2,45.8,31.3,18.8,0.0,
３歳・オープン,東京・芝1400m,    6,16.7,66.7,8.3,8.3,0.0,
古馬・１勝,東京・芝1400m,   25,14.0,32.0,42.0,12.0,0.0,
古馬・２勝,東京・芝1400m,   63,16.7,35.7,30.2,17.5,0.0,
古馬・３勝,東京・芝1400m,   36,4.2,34.7,45.8,15.3,0.0,
古馬・オープン,東京・芝1400m,   18,13.9,36.1,33.3,16.7,0.0,
２歳・新馬,東京・芝1600m,   76,20.4,40.1,34.2,5.3,0.0,
２歳・未勝利,東京・芝1600m,   56,14.3,36.6,36.6,12.5,0.0,
２歳・１勝,東京・芝1600m,   12,20.8,54.2,12.5,12.5,0.0,
２歳・オープン,東京・芝1600m,   12,8.3,45.8,20.8,25.0,0.0,
３歳・新馬,東京・芝1600m,   11,9.1,36.4,40.9,13.6,0.0,
３歳・未勝利,東京・芝1600m,   65,13.8,39.2,37.7,9.2,0.0,
３歳・１勝,東京・芝1600m,   20,25.0,50.0,17.5,5.0,2.5,
３歳・オープン,東京・芝1600m,   12,4.2,33.3,33.3,29.2,0.0,
古馬・１勝,東京・芝1600m,   54,11.1,32.4,44.4,12.0,0.0,
古馬・２勝,東京・芝1600m,   54,7.4,42.6,36.1,13.9,0.0,
古馬・３勝,東京・芝1600m,   23,10.9,43.5,34.8,10.9,0.0,
古馬・オープン,東京・芝1600m,   30,5.0,21.7,53.3,20.0,0.0,
２歳・新馬,東京・芝1800m,   48,21.9,42.7,22.9,8.3,4.2,
２歳・未勝利,東京・芝1800m,   44,15.9,33.0,34.1,17.0,0.0,
２歳・オープン,東京・芝1800m,   12,16.7,50.0,25.0,8.3,0.0,
３歳・新馬,東京・芝1800m,   13,23.1,46.2,26.9,3.8,0.0,
３歳・未勝利,東京・芝1800m,   65,16.9,43.8,34.6,5.4,0.0,
３歳・１勝,東京・芝1800m,   16,15.6,46.9,31.3,6.3,0.0,
３歳・オープン,東京・芝1800m,   12,4.2,41.7,41.7,8.3,4.2,
古馬・１勝,東京・芝1800m,   42,7.1,39.3,39.3,14.3,0.0,
古馬・２勝,東京・芝1800m,   42,11.9,36.9,34.5,16.7,0.0,
古馬・３勝,東京・芝1800m,   27,14.8,25.9,44.4,13.0,1.9,
古馬・オープン,東京・芝1800m,   25,10.0,36.0,38.0,16.0,0.0,
２歳・新馬,東京・芝2000m,   29,19.0,50.0,25.9,3.4,1.7,
２歳・未勝利,東京・芝2000m,   45,10.0,44.4,31.1,14.4,0.0,
２歳・１勝,東京・芝2000m,    6,8.3,58.3,8.3,16.7,8.3,
３歳・未勝利,東京・芝2000m,   36,20.8,38.9,37.5,2.8,1.4,
３歳・１勝,東京・芝2000m,    8,25.0,56.3,0.0,12.5,6.3,
３歳・オープン,東京・芝2000m,   12,12.5,45.8,33.3,8.3,0.0,
古馬・１勝,東京・芝2000m,   33,18.2,42.4,24.2,13.6,1.5,
古馬・２勝,東京・芝2000m,   43,15.1,50.0,20.9,12.8,1.2,
古馬・３勝,東京・芝2000m,   25,10.0,30.0,46.0,14.0,0.0,
古馬・オープン,東京・芝2000m,   18,22.2,19.4,36.1,22.2,0.0,
３歳・未勝利,東京・芝2300m,    5,10.0,50.0,30.0,10.0,0.0,
３歳・１勝,東京・芝2300m,    5,20.0,30.0,50.0,0.0,0.0,
古馬・１勝,東京・芝2300m,    1,50.0,50.0,0.0,0.0,0.0,
３歳・未勝利,東京・芝2400m,   39,14.1,30.8,39.7,10.3,5.1,
３歳・１勝,東京・芝2400m,   11,18.2,22.7,27.3,31.8,0.0,
３歳・オープン,東京・芝2400m,   18,0.0,25.0,55.6,19.4,0.0,
古馬・１勝,東京・芝2400m,   35,12.9,45.7,24.3,14.3,2.9,
古馬・２勝,東京・芝2400m,   40,10.0,43.8,28.8,16.3,1.3,
古馬・３勝,東京・芝2400m,   24,8.3,33.3,47.9,10.4,0.0,
古馬・オープン,東京・芝2400m,   12,16.7,41.7,37.5,8.3,0.0,
古馬・２勝,東京・芝2500m,    2,25.0,50.0,0.0,25.0,0.0,
古馬・オープン,東京・芝2500m,   12,8.3,37.5,37.5,16.7,0.0,
古馬・オープン,東京・芝3400m,    6,0.0,41.7,41.7,16.7,0.0,
２歳・新馬,東京・ダ1300m,   11,13.6,54.5,27.3,4.5,0.0,
２歳・未勝利,東京・ダ1300m,   18,11.1,55.6,30.6,2.8,0.0,
３歳・未勝利,東京・ダ1300m,   55,10.9,48.2,36.4,4.5,0.0,
古馬・１勝,東京・ダ1300m,   28,19.6,39.3,32.1,8.9,0.0,
古馬・２勝,東京・ダ1300m,   25,18.0,44.0,28.0,10.0,0.0,
古馬・３勝,東京・ダ1300m,    6,8.3,58.3,25.0,8.3,0.0,
２歳・新馬,東京・ダ1400m,   25,20.0,44.0,32.0,4.0,0.0,
２歳・未勝利,東京・ダ1400m,   50,25.0,48.0,20.0,7.0,0.0,
２歳・１勝,東京・ダ1400m,    6,8.3,25.0,66.7,0.0,0.0,
３歳・新馬,東京・ダ1400m,   18,22.2,38.9,36.1,2.8,0.0,
３歳・未勝利,東京・ダ1400m,  145,18.3,41.0,33.1,7.6,0.0,
３歳・１勝,東京・ダ1400m,   36,23.6,20.8,34.7,20.8,0.0,
古馬・１勝,東京・ダ1400m,  112,14.7,34.8,37.5,12.9,0.0,
古馬・２勝,東京・ダ1400m,   94,12.2,43.1,31.9,12.8,0.0,
古馬・３勝,東京・ダ1400m,   42,13.1,41.7,38.1,7.1,0.0,
古馬・オープン,東京・ダ1400m,   30,13.3,28.3,43.3,15.0,0.0,
２歳・新馬,東京・ダ1600m,   41,15.9,58.5,18.3,7.3,0.0,
２歳・未勝利,東京・ダ1600m,   76,21.1,40.8,32.9,5.3,0.0,
２歳・１勝,東京・ダ1600m,    6,33.3,58.3,0.0,8.3,0.0,
２歳・オープン,東京・ダ1600m,    6,8.3,33.3,41.7,16.7,0.0,
３歳・新馬,東京・ダ1600m,   18,22.2,47.2,22.2,8.3,0.0,
３歳・未勝利,東京・ダ1600m,  171,16.1,45.6,28.7,9.4,0.3,
３歳・１勝,東京・ダ1600m,   36,9.7,37.5,33.3,19.4,0.0,
３歳・オープン,東京・ダ1600m,   16,6.3,43.8,18.8,31.3,0.0,
古馬・１勝,東京・ダ1600m,  146,12.0,45.2,29.1,13.7,0.0,
古馬・２勝,東京・ダ1600m,   93,9.1,40.3,34.9,15.6,0.0,
古馬・３勝,東京・ダ1600m,   41,9.8,35.4,46.3,8.5,0.0,
古馬・オープン,東京・ダ1600m,   29,5.2,34.5,41.4,19.0,0.0,
３歳・未勝利,東京・ダ2100m,   76,12.5,57.9,23.7,3.3,2.6,
３歳・１勝,東京・ダ2100m,    6,8.3,41.7,41.7,8.3,0.0,
古馬・１勝,東京・ダ2100m,   48,12.5,46.9,31.3,8.3,1.0,
古馬・２勝,東京・ダ2100m,   48,18.8,43.8,28.1,9.4,0.0,
古馬・３勝,東京・ダ2100m,   30,16.7,28.3,36.7,18.3,0.0,
古馬・オープン,東京・ダ2100m,   18,5.6,33.3,44.4,16.7,2.8,
２歳・新馬,中山・芝1200m,   18,30.6,44.4,25.0,0.0,0.0,
２歳・未勝利,中山・芝1200m,   30,23.3,48.3,25.0,3.3,0.0,
２歳・１勝,中山・芝1200m,    6,25.0,58.3,16.7,0.0,0.0,
２歳・オープン,中山・芝1200m,    6,16.7,50.0,8.3,25.0,0.0,
３歳・１勝,中山・芝1200m,   24,20.8,33.3,31.3,14.6,0.0,
古馬・１勝,中山・芝1200m,   14,17.9,35.7,42.9,3.6,0.0,
古馬・２勝,中山・芝1200m,   50,18.0,48.0,22.0,12.0,0.0,
古馬・３勝,中山・芝1200m,   30,15.0,46.7,30.0,8.3,0.0,
古馬・オープン,中山・芝1200m,   30,8.3,48.3,30.0,13.3,0.0,
２歳・新馬,中山・芝1600m,   47,16.0,58.5,21.3,2.1,2.1,
２歳・未勝利,中山・芝1600m,   46,26.1,40.2,26.1,4.3,3.3,
２歳・１勝,中山・芝1600m,   17,23.5,52.9,11.8,11.8,0.0,
３歳・新馬,中山・芝1600m,   12,25.0,54.2,12.5,8.3,0.0,
３歳・未勝利,中山・芝1600m,   57,21.9,41.2,31.6,4.4,0.9,
３歳・１勝,中山・芝1600m,   30,21.7,50.0,23.3,3.3,1.7,
３歳・オープン,中山・芝1600m,   24,12.5,47.9,29.2,8.3,2.1,
古馬・１勝,中山・芝1600m,   36,20.8,48.6,19.4,8.3,2.8,
古馬・２勝,中山・芝1600m,   55,13.6,48.2,28.2,8.2,1.8,
古馬・３勝,中山・芝1600m,   28,17.9,44.6,30.4,7.1,1.8,
古馬・オープン,中山・芝1600m,   30,10.0,43.3,36.7,10.0,0.0,
２歳・新馬,中山・芝1800m,   24,25.0,52.1,22.9,0.0,0.0,
２歳・未勝利,中山・芝1800m,   29,24.1,39.7,31.0,3.4,1.7,
３歳・未勝利,中山・芝1800m,   20,12.5,47.5,35.0,5.0,0.0,
３歳・１勝,中山・芝1800m,   24,14.6,54.2,22.9,4.2,4.2,
３歳・オープン,中山・芝1800m,   12,12.5,41.7,29.2,8.3,8.3,
古馬・１勝,中山・芝1800m,   20,22.5,32.5,42.5,2.5,0.0,
古馬・２勝,中山・芝1800m,   44,17.0,54.5,25.0,3.4,0.0,
古馬・３勝,中山・芝1800m,   19,10.5,60.5,26.3,2.6,0.0,
古馬・オープン,中山・芝1800m,   18,19.4,36.1,38.9,5.6,0.0,
２歳・新馬,中山・芝2000m,   34,17.6,54.4,26.5,0.0,1.5,
２歳・未勝利,中山・芝2000m,   40,6.3,52.5,31.3,1.3,8.8,
２歳・１勝,中山・芝2000m,    6,16.7,16.7,66.7,0.0,0.0,
２歳・オープン,中山・芝2000m,   12,8.3,58.3,29.2,0.0,4.2,
３歳・新馬,中山・芝2000m,   14,14.3,60.7,25.0,0.0,0.0,
３歳・未勝利,中山・芝2000m,   58,14.7,50.9,31.0,0.9,2.6,
３歳・１勝,中山・芝2000m,   24,8.3,41.7,31.3,6.3,12.5,
３歳・オープン,中山・芝2000m,   24,12.5,43.8,35.4,6.3,2.1,
古馬・１勝,中山・芝2000m,   28,12.5,33.9,42.9,8.9,1.8,
古馬・２勝,中山・芝2000m,   39,11.5,47.4,30.8,6.4,3.8,
古馬・３勝,中山・芝2000m,   11,22.7,45.5,27.3,4.5,0.0,
古馬・オープン,中山・芝2000m,    6,0.0,25.0,75.0,0.0,0.0,
３歳・未勝利,中山・芝2200m,   36,8.3,50.0,34.7,1.4,5.6,
３歳・１勝,中山・芝2200m,   12,12.5,66.7,8.3,4.2,8.3,
３歳・オープン,中山・芝2200m,    6,8.3,41.7,41.7,8.3,0.0,
古馬・１勝,中山・芝2200m,   20,17.5,50.0,25.0,5.0,2.5,
古馬・２勝,中山・芝2200m,    6,25.0,16.7,41.7,0.0,16.7,
古馬・３勝,中山・芝2200m,   12,16.7,45.8,33.3,0.0,4.2,
古馬・オープン,中山・芝2200m,   12,8.3,37.5,45.8,4.2,4.2,
古馬・１勝,中山・芝2500m,    9,22.2,44.4,33.3,0.0,0.0,
古馬・２勝,中山・芝2500m,   30,11.7,46.7,33.3,8.3,0.0,
古馬・３勝,中山・芝2500m,   12,8.3,54.2,37.5,0.0,0.0,
古馬・オープン,中山・芝2500m,   12,8.3,29.2,45.8,8.3,8.3,
古馬・オープン,中山・芝3600m,    6,25.0,33.3,41.7,0.0,0.0,
２歳・新馬,中山・ダ1200m,   42,25.0,52.4,21.4,1.2,0.0,
２歳・未勝利,中山・ダ1200m,   97,22.2,54.1,20.1,3.6,0.0,
２歳・１勝,中山・ダ1200m,   12,25.0,45.8,16.7,12.5,0.0,
３歳・新馬,中山・ダ1200m,   20,22.5,40.0,35.0,2.5,0.0,
３歳・未勝利,中山・ダ1200m,  212,25.2,50.5,22.6,1.9,0.0,
３歳・１勝,中山・ダ1200m,   30,8.3,56.7,26.7,8.3,0.0,
古馬・１勝,中山・ダ1200m,  162,18.8,46.3,25.3,9.9,0.0,
古馬・２勝,中山・ダ1200m,  102,12.3,48.0,29.9,10.3,0.0,
古馬・３勝,中山・ダ1200m,   45,12.2,42.2,34.4,11.1,0.0,
古馬・オープン,中山・ダ1200m,   30,13.3,43.3,30.0,13.3,0.0,
２歳・新馬,中山・ダ1800m,   43,19.8,64.0,10.5,1.2,4.7,
２歳・未勝利,中山・ダ1800m,   99,19.7,60.1,15.2,0.5,5.1,
２歳・１勝,中山・ダ1800m,    6,25.0,41.7,25.0,0.0,8.3,
３歳・新馬,中山・ダ1800m,   32,15.6,70.3,10.9,1.6,1.6,
３歳・未勝利,中山・ダ1800m,  267,21.9,55.1,17.6,1.3,4.1,
３歳・１勝,中山・ダ1800m,   39,20.5,52.6,17.9,5.1,3.8,
３歳・オープン,中山・ダ1800m,    6,25.0,33.3,8.3,25.0,8.3,
古馬・１勝,中山・ダ1800m,  172,17.4,53.8,23.8,2.3,2.6,
古馬・２勝,中山・ダ1800m,   92,14.1,48.4,27.2,6.5,3.8,
古馬・３勝,中山・ダ1800m,   50,19.0,44.0,29.0,7.0,1.0,
古馬・オープン,中山・ダ1800m,   31,16.1,45.2,30.6,6.5,1.6,
古馬・１勝,中山・ダ2400m,   26,25.0,50.0,15.4,3.8,5.8,
古馬・２勝,中山・ダ2400m,   30,15.0,55.0,25.0,1.7,3.3,
古馬・１勝,中山・ダ2500m,    6,8.3,58.3,16.7,0.0,16.7,
２歳・新馬,中京・芝1200m,   10,20.0,55.0,10.0,15.0,0.0,
２歳・未勝利,中京・芝1200m,   12,16.7,45.8,33.3,4.2,0.0,
２歳・オープン,中京・芝1200m,    7,21.4,57.1,14.3,7.1,0.0,
３歳・未勝利,中京・芝1200m,   16,9.4,46.9,37.5,6.3,0.0,
３歳・１勝,中京・芝1200m,    6,16.7,41.7,8.3,33.3,0.0,
３歳・オープン,中京・芝1200m,    2,0.0,25.0,75.0,0.0,0.0,
古馬・１勝,中京・芝1200m,   26,13.5,34.6,46.2,5.8,0.0,
古馬・２勝,中京・芝1200m,   23,15.2,47.8,30.4,6.5,0.0,
古馬・３勝,中京・芝1200m,   16,25.0,40.6,25.0,9.4,0.0,
古馬・オープン,中京・芝1200m,   22,6.8,34.1,52.3,6.8,0.0,
２歳・新馬,中京・芝1400m,   25,14.0,56.0,30.0,0.0,0.0,
２歳・未勝利,中京・芝1400m,   23,19.6,39.1,37.0,4.3,0.0,
２歳・１勝,中京・芝1400m,    6,25.0,41.7,16.7,16.7,0.0,
２歳・オープン,中京・芝1400m,    5,30.0,10.0,30.0,30.0,0.0,
３歳・未勝利,中京・芝1400m,   30,16.7,33.3,45.0,5.0,0.0,
３歳・オープン,中京・芝1400m,   12,16.7,41.7,29.2,12.5,0.0,
古馬・１勝,中京・芝1400m,   38,13.2,38.2,36.8,11.8,0.0,
古馬・２勝,中京・芝1400m,   31,6.5,40.3,33.9,19.4,0.0,
古馬・３勝,中京・芝1400m,   16,9.4,31.3,40.6,18.8,0.0,
古馬・オープン,中京・芝1400m,    3,16.7,0.0,66.7,16.7,0.0,
２歳・新馬,中京・芝1600m,   26,17.3,40.4,28.8,7.7,5.8,
２歳・未勝利,中京・芝1600m,   33,13.6,47.0,30.3,7.6,1.5,
２歳・１勝,中京・芝1600m,    6,0.0,75.0,16.7,8.3,0.0,
２歳・オープン,中京・芝1600m,    1,50.0,50.0,0.0,0.0,0.0,
３歳・新馬,中京・芝1600m,   11,18.2,40.9,36.4,4.5,0.0,
３歳・未勝利,中京・芝1600m,   47,21.3,40.4,31.9,7.4,0.0,
３歳・１勝,中京・芝1600m,   14,17.9,57.1,21.4,3.6,0.0,
３歳・オープン,中京・芝1600m,    7,21.4,21.4,50.0,7.1,0.0,
古馬・１勝,中京・芝1600m,   66,14.4,32.6,42.4,9.8,0.8,
古馬・２勝,中京・芝1600m,   27,16.7,44.4,31.5,7.4,0.0,
古馬・３勝,中京・芝1600m,   17,23.5,50.0,14.7,11.8,0.0,
古馬・オープン,中京・芝1600m,   11,13.6,31.8,40.9,13.6,0.0,
２歳・新馬,中京・芝2000m,   31,11.3,48.4,24.2,14.5,3.2,
２歳・未勝利,中京・芝2000m,   37,14.9,50.0,25.7,6.8,2.7,
２歳・オープン,中京・芝2000m,    3,16.7,83.3,0.0,0.0,0.0,
３歳・新馬,中京・芝2000m,   13,23.1,50.0,23.1,3.8,0.0,
３歳・未勝利,中京・芝2000m,   72,20.8,36.1,37.5,4.2,1.4,
３歳・１勝,中京・芝2000m,    6,16.7,33.3,25.0,25.0,0.0,
３歳・オープン,中京・芝2000m,   13,11.5,42.3,30.8,11.5,3.8,
古馬・１勝,中京・芝2000m,   73,11.6,45.2,30.8,11.6,0.7,
古馬・２勝,中京・芝2000m,   50,17.0,38.0,28.0,14.0,3.0,
古馬・３勝,中京・芝2000m,   16,9.4,40.6,37.5,9.4,3.1,
古馬・オープン,中京・芝2000m,   24,14.6,41.7,35.4,8.3,0.0,
３歳・未勝利,中京・芝2200m,   36,8.3,40.3,40.3,6.9,4.2,
３歳・１勝,中京・芝2200m,   10,10.0,50.0,15.0,15.0,10.0,
３歳・オープン,中京・芝2200m,    6,16.7,16.7,41.7,16.7,8.3,
古馬・１勝,中京・芝2200m,   45,7.8,41.1,32.2,16.7,2.2,
古馬・２勝,中京・芝2200m,   29,13.8,53.4,22.4,10.3,0.0,
古馬・３勝,中京・芝2200m,    9,5.6,44.4,50.0,0.0,0.0,
古馬・オープン,中京・芝2200m,    4,0.0,37.5,37.5,25.0,0.0,
古馬・オープン,中京・芝3000m,    4,12.5,37.5,37.5,12.5,0.0,
２歳・新馬,中京・ダ1200m,    4,37.5,37.5,25.0,0.0,0.0,
２歳・未勝利,中京・ダ1200m,   21,26.2,57.1,7.1,9.5,0.0,
３歳・新馬,中京・ダ1200m,    7,7.1,71.4,21.4,0.0,0.0,
３歳・未勝利,中京・ダ1200m,   80,25.0,50.6,21.3,3.1,0.0,
３歳・１勝,中京・ダ1200m,    9,11.1,33.3,27.8,27.8,0.0,
古馬・１勝,中京・ダ1200m,  100,23.5,42.5,24.5,10.0,0.0,
古馬・２勝,中京・ダ1200m,   40,17.5,40.0,31.3,11.3,0.0,
古馬・３勝,中京・ダ1200m,   10,15.0,30.0,45.0,10.0,0.0,
古馬・オープン,中京・ダ1200m,    2,0.0,100.0,0.0,0.0,0.0,
２歳・新馬,中京・ダ1400m,   19,7.9,73.7,15.8,2.6,0.0,
２歳・未勝利,中京・ダ1400m,   31,14.5,51.6,30.6,3.2,0.0,
２歳・１勝,中京・ダ1400m,   10,20.0,50.0,25.0,5.0,0.0,
３歳・新馬,中京・ダ1400m,    8,12.5,62.5,18.8,6.3,0.0,
３歳・未勝利,中京・ダ1400m,   91,22.5,40.1,32.4,4.9,0.0,
３歳・１勝,中京・ダ1400m,   12,16.7,45.8,33.3,4.2,0.0,
３歳・オープン,中京・ダ1400m,    6,16.7,58.3,8.3,16.7,0.0,
古馬・１勝,中京・ダ1400m,  118,11.0,44.1,32.6,12.3,0.0,
古馬・２勝,中京・ダ1400m,   42,16.7,44.0,23.8,15.5,0.0,
古馬・３勝,中京・ダ1400m,   23,19.6,37.0,37.0,6.5,0.0,
古馬・オープン,中京・ダ1400m,   19,18.4,26.3,36.8,18.4,0.0,
２歳・新馬,中京・ダ1800m,   20,22.5,60.0,10.0,7.5,0.0,
２歳・未勝利,中京・ダ1800m,   51,18.6,60.8,12.7,2.0,5.9,
３歳・新馬,中京・ダ1800m,   17,20.6,67.6,11.8,0.0,0.0,
３歳・未勝利,中京・ダ1800m,  139,21.6,45.3,23.7,5.4,4.0,
３歳・１勝,中京・ダ1800m,   23,19.6,58.7,19.6,2.2,0.0,
３歳・オープン,中京・ダ1800m,    2,0.0,75.0,0.0,25.0,0.0,
古馬・１勝,中京・ダ1800m,  172,17.4,53.5,20.6,5.8,2.9,
古馬・２勝,中京・ダ1800m,   63,15.1,46.8,27.8,10.3,0.8,
古馬・３勝,中京・ダ1800m,   23,10.9,28.3,39.1,19.6,2.2,
古馬・オープン,中京・ダ1800m,   20,15.0,40.0,37.5,7.5,0.0,
３歳・未勝利,中京・ダ1900m,   58,23.3,54.3,19.8,0.9,1.7,
３歳・１勝,中京・ダ1900m,    1,0.0,100.0,0.0,0.0,0.0,
古馬・１勝,中京・ダ1900m,   64,11.7,49.2,32.8,3.9,2.3,
古馬・２勝,中京・ダ1900m,   25,10.0,42.0,34.0,10.0,4.0,
古馬・３勝,中京・ダ1900m,   16,12.5,34.4,37.5,15.6,0.0,
古馬・オープン,中京・ダ1900m,    9,5.6,44.4,33.3,5.6,11.1,
２歳・新馬,京都・芝1200m,    9,27.8,55.6,16.7,0.0,0.0,
２歳・未勝利,京都・芝1200m,   10,20.0,50.0,25.0,5.0,0.0,
２歳・１勝,京都・芝1200m,    1,0.0,100.0,0.0,0.0,0.0,
３歳・未勝利,京都・芝1200m,    8,18.8,31.3,50.0,0.0,0.0,
３歳・１勝,京都・芝1200m,    6,16.7,33.3,41.7,8.3,0.0,
３歳・オープン,京都・芝1200m,    5,50.0,20.0,30.0,0.0,0.0,
古馬・１勝,京都・芝1200m,    7,21.4,42.9,28.6,7.1,0.0,
古馬・２勝,京都・芝1200m,   19,15.8,34.2,36.8,13.2,0.0,
古馬・３勝,京都・芝1200m,   10,15.0,35.0,40.0,10.0,0.0,
古馬・オープン,京都・芝1200m,   17,8.8,35.3,50.0,5.9,0.0,
２歳・新馬,京都・芝1400m,   16,9.4,50.0,34.4,6.3,0.0,
２歳・未勝利,京都・芝1400m,   13,7.7,57.7,26.9,7.7,0.0,
２歳・１勝,京都・芝1400m,    8,18.8,50.0,25.0,6.3,0.0,
２歳・オープン,京都・芝1400m,    7,28.6,42.9,21.4,7.1,0.0,
３歳・未勝利,京都・芝1400m,   17,17.6,35.3,44.1,2.9,0.0,
３歳・１勝,京都・芝1400m,    6,25.0,25.0,33.3,16.7,0.0,
３歳・オープン,京都・芝1400m,    6,8.3,41.7,41.7,8.3,0.0,
古馬・１勝,京都・芝1400m,   16,12.5,56.3,21.9,9.4,0.0,
古馬・２勝,京都・芝1400m,   25,12.0,46.0,34.0,10.0,0.0,
古馬・３勝,京都・芝1400m,   16,9.4,15.6,62.5,12.5,0.0,
古馬・オープン,京都・芝1400m,   12,12.5,20.8,50.0,16.7,0.0,
２歳・新馬,京都・芝1600m,   28,14.3,50.0,33.9,0.0,1.8,
２歳・未勝利,京都・芝1600m,   27,13.0,59.3,18.5,9.3,0.0,
２歳・１勝,京都・芝1600m,    2,50.0,0.0,25.0,25.0,0.0,
２歳・オープン,京都・芝1600m,    5,0.0,60.0,30.0,10.0,0.0,
３歳・新馬,京都・芝1600m,    7,7.1,50.0,42.9,0.0,0.0,
３歳・未勝利,京都・芝1600m,   42,14.3,36.9,40.5,8.3,0.0,
３歳・１勝,京都・芝1600m,   15,20.0,43.3,13.3,23.3,0.0,
３歳・オープン,京都・芝1600m,    5,0.0,60.0,30.0,10.0,0.0,
古馬・１勝,京都・芝1600m,   22,15.9,45.5,27.3,11.4,0.0,
古馬・２勝,京都・芝1600m,   27,9.3,44.4,31.5,14.8,0.0,
古馬・３勝,京都・芝1600m,   17,17.6,32.4,41.2,8.8,0.0,
古馬・オープン,京都・芝1600m,   15,3.3,30.0,43.3,23.3,0.0,
２歳・新馬,京都・芝1800m,   22,13.6,54.5,29.5,2.3,0.0,
２歳・未勝利,京都・芝1800m,   22,13.6,63.6,15.9,4.5,2.3,
２歳・１勝,京都・芝1800m,    2,25.0,50.0,0.0,25.0,0.0,
２歳・オープン,京都・芝1800m,    4,25.0,62.5,0.0,12.5,0.0,
３歳・新馬,京都・芝1800m,    5,10.0,50.0,40.0,0.0,0.0,
３歳・未勝利,京都・芝1800m,   34,8.8,48.5,36.8,5.9,0.0,
３歳・１勝,京都・芝1800m,    7,14.3,50.0,14.3,21.4,0.0,
３歳・オープン,京都・芝1800m,    7,14.3,42.9,28.6,14.3,0.0,
古馬・１勝,京都・芝1800m,   24,12.5,45.8,29.2,12.5,0.0,
古馬・２勝,京都・芝1800m,   23,4.3,58.7,26.1,10.9,0.0,
古馬・３勝,京都・芝1800m,    9,22.2,55.6,16.7,5.6,0.0,
古馬・オープン,京都・芝1800m,    8,0.0,43.8,50.0,6.3,0.0,
２歳・新馬,京都・芝2000m,   21,19.0,47.6,23.8,2.4,7.1,
２歳・未勝利,京都・芝2000m,   25,16.0,50.0,26.0,4.0,4.0,
２歳・１勝,京都・芝2000m,    6,16.7,66.7,8.3,8.3,0.0,
２歳・オープン,京都・芝2000m,    3,0.0,33.3,66.7,0.0,0.0,
３歳・新馬,京都・芝2000m,    4,25.0,62.5,12.5,0.0,0.0,
３歳・未勝利,京都・芝2000m,   35,15.7,48.6,27.1,7.1,1.4,
３歳・１勝,京都・芝2000m,    6,8.3,41.7,33.3,0.0,16.7,
３歳・オープン,京都・芝2000m,    6,16.7,25.0,25.0,33.3,0.0,
古馬・１勝,京都・芝2000m,   17,14.7,52.9,23.5,8.8,0.0,
古馬・２勝,京都・芝2000m,   26,15.4,36.5,21.2,19.2,7.7,
古馬・３勝,京都・芝2000m,   13,11.5,46.2,34.6,7.7,0.0,
古馬・オープン,京都・芝2000m,    6,16.7,16.7,66.7,0.0,0.0,
３歳・未勝利,京都・芝2200m,   15,10.0,36.7,43.3,6.7,3.3,
３歳・１勝,京都・芝2200m,    4,12.5,25.0,25.0,37.5,0.0,
３歳・オープン,京都・芝2200m,    4,12.5,37.5,50.0,0.0,0.0,
古馬・１勝,京都・芝2200m,   11,18.2,36.4,27.3,13.6,4.5,
古馬・２勝,京都・芝2200m,   13,7.7,50.0,30.8,7.7,3.8,
古馬・３勝,京都・芝2200m,    5,0.0,60.0,30.0,10.0,0.0,
古馬・オープン,京都・芝2200m,    7,0.0,28.6,64.3,7.1,0.0,
３歳・未勝利,京都・芝2400m,   12,8.3,58.3,20.8,4.2,8.3,
３歳・１勝,京都・芝2400m,    2,0.0,25.0,50.0,25.0,0.0,
古馬・１勝,京都・芝2400m,   13,11.5,53.8,23.1,11.5,0.0,
古馬・２勝,京都・芝2400m,   16,12.5,50.0,15.6,12.5,9.4,
古馬・３勝,京都・芝2400m,    8,0.0,43.8,56.3,0.0,0.0,
古馬・オープン,京都・芝2400m,    6,8.3,33.3,58.3,0.0,0.0,
３歳・オープン,京都・芝3000m,    4,12.5,37.5,37.5,0.0,12.5,
古馬・３勝,京都・芝3000m,    3,0.0,33.3,33.3,16.7,16.7,
古馬・オープン,京都・芝3000m,    2,0.0,25.0,25.0,25.0,25.0,
古馬・オープン,京都・芝3200m,    4,0.0,50.0,50.0,0.0,0.0,
２歳・新馬,京都・ダ1200m,   10,20.0,60.0,20.0,0.0,0.0,
２歳・未勝利,京都・ダ1200m,   24,22.9,58.3,12.5,6.3,0.0,
２歳・１勝,京都・ダ1200m,    1,50.0,50.0,0.0,0.0,0.0,
３歳・新馬,京都・ダ1200m,    6,16.7,58.3,16.7,8.3,0.0,
３歳・未勝利,京都・ダ1200m,   54,20.4,63.9,14.8,0.9,0.0,
３歳・１勝,京都・ダ1200m,   10,25.0,35.0,30.0,10.0,0.0,
古馬・１勝,京都・ダ1200m,   40,20.0,41.3,32.5,6.3,0.0,
古馬・２勝,京都・ダ1200m,   38,15.8,32.9,44.7,6.6,0.0,
古馬・３勝,京都・ダ1200m,   18,11.1,41.7,44.4,2.8,0.0,
古馬・オープン,京都・ダ1200m,   18,13.9,27.8,50.0,8.3,0.0,
２歳・新馬,京都・ダ1400m,   19,23.7,47.4,26.3,0.0,2.6,
２歳・未勝利,京都・ダ1400m,   35,15.7,51.4,28.6,4.3,0.0,
２歳・１勝,京都・ダ1400m,    4,37.5,37.5,12.5,12.5,0.0,
３歳・新馬,京都・ダ1400m,    8,6.3,75.0,18.8,0.0,0.0,
３歳・未勝利,京都・ダ1400m,   57,22.8,48.2,23.7,5.3,0.0,
３歳・１勝,京都・ダ1400m,   21,11.9,59.5,26.2,2.4,0.0,
３歳・オープン,京都・ダ1400m,    2,0.0,50.0,25.0,25.0,0.0,
古馬・１勝,京都・ダ1400m,   56,12.5,45.5,33.9,7.1,0.9,
古馬・２勝,京都・ダ1400m,   42,11.9,39.3,40.5,8.3,1.2,
古馬・３勝,京都・ダ1400m,   18,8.3,50.0,30.6,11.1,0.0,
古馬・オープン,京都・ダ1400m,   11,13.6,40.9,31.8,13.6,0.0,
２歳・新馬,京都・ダ1800m,   26,25.0,55.8,17.3,1.9,0.0,
２歳・未勝利,京都・ダ1800m,   54,25.0,58.3,13.0,0.9,2.8,
２歳・１勝,京都・ダ1800m,    4,12.5,50.0,25.0,12.5,0.0,
３歳・新馬,京都・ダ1800m,   15,10.0,63.3,23.3,3.3,0.0,
３歳・未勝利,京都・ダ1800m,  103,21.8,52.4,18.4,3.9,3.4,
３歳・１勝,京都・ダ1800m,   26,13.5,51.9,19.2,3.8,11.5,
３歳・オープン,京都・ダ1800m,    4,25.0,62.5,12.5,0.0,0.0,
古馬・１勝,京都・ダ1800m,   92,17.4,54.3,19.0,6.5,2.7,
古馬・２勝,京都・ダ1800m,   64,15.6,50.0,25.8,3.9,4.7,
古馬・３勝,京都・ダ1800m,   25,22.0,42.0,28.0,4.0,4.0,
古馬・オープン,京都・ダ1800m,   15,13.3,56.7,16.7,13.3,0.0,
３歳・未勝利,京都・ダ1900m,   35,15.7,58.6,12.9,1.4,11.4,
３歳・１勝,京都・ダ1900m,    2,0.0,100.0,0.0,0.0,0.0,
３歳・オープン,京都・ダ1900m,    2,0.0,25.0,25.0,0.0,50.0,
古馬・１勝,京都・ダ1900m,   20,10.0,57.5,22.5,7.5,2.5,
古馬・２勝,京都・ダ1900m,   21,16.7,47.6,21.4,7.1,7.1,
古馬・３勝,京都・ダ1900m,   14,14.3,28.6,39.3,10.7,7.1,
古馬・オープン,京都・ダ1900m,   10,10.0,40.0,40.0,5.0,5.0,
２歳・新馬,阪神・芝1200m,    6,25.0,58.3,16.7,0.0,0.0,
２歳・未勝利,阪神・芝1200m,    4,25.0,37.5,25.0,12.5,0.0,
２歳・１勝,阪神・芝1200m,    1,50.0,0.0,50.0,0.0,0.0,
３歳・未勝利,阪神・芝1200m,    2,50.0,50.0,0.0,0.0,0.0,
３歳・１勝,阪神・芝1200m,    2,25.0,0.0,50.0,25.0,0.0,
３歳・オープン,阪神・芝1200m,    2,25.0,0.0,25.0,50.0,0.0,
古馬・１勝,阪神・芝1200m,    3,33.3,50.0,16.7,0.0,0.0,
古馬・２勝,阪神・芝1200m,    7,28.6,57.1,14.3,0.0,0.0,
古馬・３勝,阪神・芝1200m,    2,25.0,50.0,25.0,0.0,0.0,
古馬・オープン,阪神・芝1200m,    3,16.7,33.3,33.3,16.7,0.0,
２歳・新馬,阪神・芝1400m,    8,6.3,56.3,31.3,6.3,0.0,
２歳・未勝利,阪神・芝1400m,    7,42.9,35.7,21.4,0.0,0.0,
２歳・１勝,阪神・芝1400m,    2,25.0,0.0,25.0,50.0,0.0,
２歳・オープン,阪神・芝1400m,    1,0.0,50.0,0.0,50.0,0.0,
３歳・未勝利,阪神・芝1400m,    4,37.5,37.5,25.0,0.0,0.0,
３歳・１勝,阪神・芝1400m,    3,16.7,0.0,66.7,16.7,0.0,
３歳・オープン,阪神・芝1400m,    2,0.0,50.0,50.0,0.0,0.0,
古馬・１勝,阪神・芝1400m,    4,0.0,37.5,50.0,12.5,0.0,
古馬・２勝,阪神・芝1400m,    9,22.2,27.8,33.3,16.7,0.0,
古馬・３勝,阪神・芝1400m,    5,0.0,20.0,40.0,40.0,0.0,
古馬・オープン,阪神・芝1400m,    4,25.0,37.5,37.5,0.0,0.0,
２歳・新馬,阪神・芝1600m,   10,10.0,55.0,35.0,0.0,0.0,
２歳・未勝利,阪神・芝1600m,    8,18.8,62.5,18.8,0.0,0.0,
２歳・１勝,阪神・芝1600m,    1,50.0,0.0,0.0,50.0,0.0,
２歳・オープン,阪神・芝1600m,    3,0.0,50.0,50.0,0.0,0.0,
３歳・未勝利,阪神・芝1600m,   15,13.3,36.7,33.3,16.7,0.0,
３歳・１勝,阪神・芝1600m,    4,12.5,62.5,12.5,12.5,0.0,
３歳・オープン,阪神・芝1600m,    4,0.0,75.0,12.5,12.5,0.0,
古馬・１勝,阪神・芝1600m,    8,12.5,12.5,62.5,12.5,0.0,
古馬・２勝,阪神・芝1600m,   10,5.0,45.0,30.0,20.0,0.0,
古馬・３勝,阪神・芝1600m,    7,7.1,21.4,42.9,28.6,0.0,
古馬・オープン,阪神・芝1600m,    7,7.1,28.6,42.9,21.4,0.0,
２歳・新馬,阪神・芝1800m,    7,7.1,42.9,21.4,28.6,0.0,
２歳・未勝利,阪神・芝1800m,    7,21.4,50.0,28.6,0.0,0.0,
２歳・１勝,阪神・芝1800m,    1,0.0,100.0,0.0,0.0,0.0,
３歳・未勝利,阪神・芝1800m,   11,22.7,40.9,22.7,13.6,0.0,
３歳・１勝,阪神・芝1800m,    4,0.0,50.0,0.0,50.0,0.0,
３歳・オープン,阪神・芝1800m,    1,0.0,0.0,0.0,50.0,50.0,
古馬・１勝,阪神・芝1800m,    8,12.5,56.3,18.8,12.5,0.0,
古馬・２勝,阪神・芝1800m,    7,28.6,42.9,21.4,7.1,0.0,
古馬・３勝,阪神・芝1800m,    4,25.0,25.0,25.0,25.0,0.0,
古馬・オープン,阪神・芝1800m,    2,25.0,25.0,50.0,0.0,0.0,
２歳・新馬,阪神・芝2000m,    5,10.0,60.0,20.0,0.0,10.0,
２歳・未勝利,阪神・芝2000m,    6,0.0,75.0,25.0,0.0,0.0,
２歳・１勝,阪神・芝2000m,    2,0.0,75.0,0.0,25.0,0.0,
２歳・オープン,阪神・芝2000m,    1,0.0,50.0,50.0,0.0,0.0,
３歳・新馬,阪神・芝2000m,    1,0.0,100.0,0.0,0.0,0.0,
３歳・未勝利,阪神・芝2000m,   10,30.0,35.0,35.0,0.0,0.0,
３歳・１勝,阪神・芝2000m,    1,0.0,50.0,50.0,0.0,0.0,
３歳・オープン,阪神・芝2000m,    3,16.7,33.3,50.0,0.0,0.0,
古馬・１勝,阪神・芝2000m,    6,25.0,58.3,8.3,0.0,8.3,
古馬・２勝,阪神・芝2000m,   10,40.0,45.0,15.0,0.0,0.0,
古馬・３勝,阪神・芝2000m,    5,10.0,40.0,40.0,10.0,0.0,
古馬・オープン,阪神・芝2000m,    5,0.0,30.0,60.0,10.0,0.0,
３歳・未勝利,阪神・芝2200m,    5,0.0,70.0,30.0,0.0,0.0,
３歳・オープン,阪神・芝2200m,    2,0.0,25.0,25.0,50.0,0.0,
古馬・１勝,阪神・芝2200m,    3,33.3,33.3,33.3,0.0,0.0,
古馬・２勝,阪神・芝2200m,    3,16.7,66.7,16.7,0.0,0.0,
古馬・３勝,阪神・芝2200m,    2,25.0,50.0,0.0,25.0,0.0,
古馬・オープン,阪神・芝2200m,    3,0.0,66.7,16.7,0.0,16.7,
３歳・未勝利,阪神・芝2400m,    5,20.0,60.0,20.0,0.0,0.0,
３歳・１勝,阪神・芝2400m,    3,0.0,50.0,16.7,0.0,33.3,
古馬・１勝,阪神・芝2400m,    5,20.0,70.0,0.0,10.0,0.0,
古馬・２勝,阪神・芝2400m,    4,12.5,62.5,12.5,12.5,0.0,
古馬・３勝,阪神・芝2400m,    2,25.0,25.0,50.0,0.0,0.0,
３歳・未勝利,阪神・芝2600m,    1,0.0,50.0,50.0,0.0,0.0,
古馬・２勝,阪神・芝2600m,    3,0.0,33.3,16.7,50.0,0.0,
古馬・オープン,阪神・芝3000m,    1,0.0,0.0,0.0,50.0,50.0,
古馬・３勝,阪神・芝3200m,    1,50.0,50.0,0.0,0.0,0.0,
２歳・新馬,阪神・ダ1200m,    5,30.0,60.0,0.0,10.0,0.0,
２歳・未勝利,阪神・ダ1200m,    9,38.9,50.0,0.0,11.1,0.0,
２歳・１勝,阪神・ダ1200m,    1,0.0,100.0,0.0,0.0,0.0,
３歳・新馬,阪神・ダ1200m,    2,25.0,25.0,50.0,0.0,0.0,
３歳・未勝利,阪神・ダ1200m,   28,17.9,55.4,23.2,3.6,0.0,
３歳・１勝,阪神・ダ1200m,    3,16.7,66.7,0.0,16.7,0.0,
古馬・１勝,阪神・ダ1200m,   18,19.4,47.2,19.4,13.9,0.0,
古馬・２勝,阪神・ダ1200m,   14,7.1,53.6,21.4,17.9,0.0,
古馬・３勝,阪神・ダ1200m,    5,10.0,30.0,50.0,10.0,0.0,
古馬・オープン,阪神・ダ1200m,    2,25.0,50.0,25.0,0.0,0.0,
２歳・新馬,阪神・ダ1400m,    4,25.0,50.0,25.0,0.0,0.0,
２歳・未勝利,阪神・ダ1400m,   10,0.0,50.0,50.0,0.0,0.0,
３歳・新馬,阪神・ダ1400m,    2,0.0,100.0,0.0,0.0,0.0,
３歳・未勝利,阪神・ダ1400m,   33,15.2,50.0,25.8,7.6,1.5,
３歳・１勝,阪神・ダ1400m,    7,21.4,35.7,14.3,28.6,0.0,
古馬・１勝,阪神・ダ1400m,   21,2.4,42.9,35.7,19.0,0.0,
古馬・２勝,阪神・ダ1400m,   14,0.0,57.1,32.1,10.7,0.0,
古馬・３勝,阪神・ダ1400m,    7,0.0,35.7,50.0,14.3,0.0,
古馬・オープン,阪神・ダ1400m,    7,7.1,50.0,35.7,7.1,0.0,
２歳・新馬,阪神・ダ1800m,    6,8.3,66.7,16.7,8.3,0.0,
２歳・未勝利,阪神・ダ1800m,   17,20.6,55.9,17.6,0.0,5.9,
２歳・１勝,阪神・ダ1800m,    2,0.0,100.0,0.0,0.0,0.0,
３歳・新馬,阪神・ダ1800m,    5,30.0,50.0,10.0,0.0,10.0,
３歳・未勝利,阪神・ダ1800m,   57,13.2,57.0,22.8,0.9,6.1,
３歳・１勝,阪神・ダ1800m,    8,6.3,62.5,18.8,12.5,0.0,
古馬・１勝,阪神・ダ1800m,   31,12.9,54.8,17.7,8.1,9.7,
古馬・２勝,阪神・ダ1800m,   21,14.3,50.0,28.6,4.8,2.4,
古馬・３勝,阪神・ダ1800m,    9,5.6,55.6,27.8,0.0,11.1,
古馬・オープン,阪神・ダ1800m,    5,0.0,80.0,10.0,10.0,0.0,
３歳・未勝利,阪神・ダ2000m,   10,15.0,40.0,25.0,0.0,20.0,
古馬・１勝,阪神・ダ2000m,    8,18.8,56.3,12.5,6.3,6.3,
古馬・２勝,阪神・ダ2000m,    7,0.0,71.4,21.4,0.0,7.1,
古馬・３勝,阪神・ダ2000m,    4,0.0,62.5,25.0,12.5,0.0,
古馬・オープン,阪神・ダ2000m,    3,0.0,16.7,50.0,33.3,0.0,
芝,, 7918,14.7,42.8,31.0,8.4,1.6,
ダート,, 8170,18.0,49.9,24.4,5.9,1.9,
全体,,16089,16.4,46.4,27.6,7.1,1.7,
