条件,場所･距離,ﾚｰｽ数,１枠,２枠,３枠,４枠,５枠,６枠,７枠,８枠,
２歳・新馬,札幌・芝1000m,    1,0.0,50.0,0.0,0.0,0.0,0.0,50.0,0.0,
２歳・新馬,札幌・芝1200m,   12,12.5,4.2,4.2,16.7,4.2,29.2,12.5,16.7,
２歳・未勝利,札幌・芝1200m,   25,8.0,8.0,14.0,14.0,14.0,14.0,14.0,14.0,
２歳・オープン,札幌・芝1200m,    6,8.3,8.3,0.0,25.0,8.3,8.3,8.3,33.3,
３歳・未勝利,札幌・芝1200m,   26,13.5,9.6,13.5,7.7,21.2,19.2,7.7,7.7,
古馬・１勝,札幌・芝1200m,   38,11.8,11.8,6.6,10.5,9.2,18.4,14.5,17.1,
古馬・２勝,札幌・芝1200m,   30,11.7,13.3,8.3,18.3,6.7,6.7,16.7,18.3,
古馬・３勝,札幌・芝1200m,    6,8.3,16.7,8.3,16.7,8.3,8.3,8.3,25.0,
古馬・オープン,札幌・芝1200m,   16,3.1,6.3,15.6,9.4,18.8,9.4,18.8,18.8,
２歳・新馬,札幌・芝1500m,   22,13.6,6.8,15.9,4.5,31.8,13.6,4.5,9.1,
２歳・未勝利,札幌・芝1500m,   22,6.8,11.4,18.2,13.6,13.6,15.9,13.6,6.8,
２歳・オープン,札幌・芝1500m,    6,0.0,0.0,0.0,25.0,8.3,16.7,33.3,16.7,
３歳・未勝利,札幌・芝1500m,   24,10.4,8.3,8.3,12.5,16.7,20.8,14.6,8.3,
古馬・１勝,札幌・芝1500m,   30,8.3,11.7,10.0,11.7,10.0,16.7,11.7,20.0,
古馬・２勝,札幌・芝1500m,   12,8.3,4.2,20.8,8.3,12.5,25.0,12.5,8.3,
古馬・３勝,札幌・芝1500m,    6,0.0,16.7,41.7,16.7,0.0,8.3,8.3,8.3,
２歳・新馬,札幌・芝1800m,   25,14.0,4.0,6.0,14.0,18.0,8.0,16.0,20.0,
２歳・未勝利,札幌・芝1800m,   25,14.0,8.0,18.0,14.0,16.0,16.0,6.0,8.0,
２歳・オープン,札幌・芝1800m,   12,16.7,4.2,4.2,20.8,4.2,8.3,20.8,20.8,
３歳・未勝利,札幌・芝1800m,    7,14.3,0.0,7.1,21.4,7.1,14.3,28.6,7.1,
古馬・１勝,札幌・芝1800m,   37,6.8,17.6,10.8,13.5,5.4,12.2,18.9,14.9,
古馬・２勝,札幌・芝1800m,   13,15.4,15.4,3.8,11.5,3.8,11.5,19.2,19.2,
古馬・３勝,札幌・芝1800m,    2,25.0,0.0,25.0,0.0,25.0,0.0,25.0,0.0,
古馬・オープン,札幌・芝1800m,    5,30.0,10.0,20.0,0.0,10.0,20.0,10.0,0.0,
２歳・新馬,札幌・芝2000m,    8,12.5,25.0,12.5,18.8,6.3,12.5,6.3,6.3,
２歳・未勝利,札幌・芝2000m,    6,8.3,25.0,8.3,8.3,16.7,16.7,8.3,8.3,
３歳・未勝利,札幌・芝2000m,   54,13.9,9.3,10.2,7.4,15.7,11.1,18.5,13.9,
古馬・１勝,札幌・芝2000m,   34,8.8,11.8,14.7,14.7,14.7,11.8,11.8,11.8,
古馬・２勝,札幌・芝2000m,   17,17.6,2.9,8.8,14.7,17.6,17.6,11.8,8.8,
古馬・３勝,札幌・芝2000m,    9,0.0,5.6,33.3,5.6,16.7,22.2,5.6,11.1,
古馬・オープン,札幌・芝2000m,    6,8.3,33.3,0.0,8.3,8.3,8.3,8.3,25.0,
３歳・未勝利,札幌・芝2600m,   12,4.2,12.5,16.7,4.2,4.2,29.2,12.5,16.7,
古馬・１勝,札幌・芝2600m,   19,7.9,18.4,10.5,13.2,18.4,10.5,5.3,15.8,
古馬・２勝,札幌・芝2600m,   11,4.5,9.1,9.1,9.1,31.8,4.5,13.6,18.2,
古馬・オープン,札幌・芝2600m,   11,4.5,9.1,13.6,13.6,9.1,18.2,13.6,18.2,
２歳・新馬,札幌・ダ1000m,    1,0.0,0.0,0.0,50.0,0.0,0.0,50.0,0.0,
２歳・未勝利,札幌・ダ1000m,    6,0.0,0.0,16.7,8.3,33.3,16.7,16.7,8.3,
３歳・未勝利,札幌・ダ1000m,   45,5.6,5.6,5.6,7.8,21.1,8.9,23.3,22.2,
古馬・１勝,札幌・ダ1000m,   43,7.0,2.3,7.0,9.3,15.1,15.1,20.9,23.3,
古馬・２勝,札幌・ダ1000m,   11,18.2,9.1,4.5,4.5,4.5,22.7,27.3,9.1,
２歳・新馬,札幌・ダ1700m,   11,4.5,9.1,18.2,9.1,18.2,22.7,4.5,13.6,
２歳・未勝利,札幌・ダ1700m,   17,5.9,5.9,17.6,17.6,8.8,20.6,14.7,8.8,
３歳・未勝利,札幌・ダ1700m,  124,8.9,4.8,12.5,11.3,19.4,16.5,12.9,13.7,
古馬・１勝,札幌・ダ1700m,   90,5.0,6.7,9.4,12.8,11.7,18.3,17.2,18.9,
古馬・２勝,札幌・ダ1700m,   36,4.2,6.9,12.5,8.3,16.7,19.4,18.1,13.9,
古馬・３勝,札幌・ダ1700m,   11,9.1,4.5,9.1,4.5,22.7,18.2,18.2,13.6,
古馬・オープン,札幌・ダ1700m,    6,8.3,8.3,16.7,25.0,8.3,25.0,0.0,8.3,
３歳・未勝利,札幌・ダ2400m,    6,8.3,16.7,0.0,0.0,0.0,8.3,50.0,16.7,
古馬・１勝,札幌・ダ2400m,    6,8.3,0.0,16.7,16.7,8.3,8.3,0.0,41.7,
２歳・新馬,函館・芝1000m,    5,30.0,0.0,0.0,10.0,0.0,30.0,20.0,10.0,
２歳・新馬,函館・芝1200m,   39,7.7,15.4,10.3,3.8,14.1,20.5,15.4,12.8,
２歳・未勝利,函館・芝1200m,   31,19.4,12.9,9.7,12.9,9.7,11.3,14.5,9.7,
２歳・オープン,函館・芝1200m,    6,0.0,0.0,8.3,8.3,25.0,16.7,16.7,25.0,
３歳・未勝利,函館・芝1200m,   60,15.0,14.2,13.3,14.2,7.5,14.2,11.7,10.0,
古馬・１勝,函館・芝1200m,   65,6.9,10.8,10.8,10.8,13.1,16.2,13.8,17.7,
古馬・２勝,函館・芝1200m,   36,6.9,13.9,6.9,19.4,13.9,15.3,16.7,6.9,
古馬・３勝,函館・芝1200m,   12,8.3,16.7,16.7,4.2,20.8,16.7,4.2,12.5,
古馬・オープン,函館・芝1200m,    9,5.6,11.1,5.6,16.7,22.2,11.1,5.6,22.2,
２歳・新馬,函館・芝1800m,   20,10.0,15.0,12.5,12.5,10.0,10.0,15.0,15.0,
２歳・未勝利,函館・芝1800m,    8,37.5,0.0,6.3,0.0,18.8,6.3,18.8,12.5,
３歳・未勝利,函館・芝1800m,   36,12.5,11.1,16.7,13.9,13.9,18.1,6.9,6.9,
古馬・１勝,函館・芝1800m,   31,9.7,14.5,11.3,12.9,8.1,11.3,12.9,21.0,
古馬・２勝,函館・芝1800m,   18,11.1,2.8,22.2,11.1,13.9,0.0,22.2,16.7,
古馬・３勝,函館・芝1800m,    4,0.0,0.0,12.5,12.5,12.5,37.5,25.0,0.0,
古馬・オープン,函館・芝1800m,    7,14.3,0.0,14.3,14.3,14.3,7.1,21.4,14.3,
２歳・新馬,函館・芝2000m,    1,0.0,0.0,50.0,0.0,50.0,0.0,0.0,0.0,
３歳・未勝利,函館・芝2000m,   39,11.5,14.1,6.4,11.5,12.8,16.7,12.8,14.1,
古馬・１勝,函館・芝2000m,   30,8.3,18.3,11.7,13.3,15.0,13.3,11.7,10.0,
古馬・２勝,函館・芝2000m,    6,33.3,8.3,0.0,16.7,33.3,0.0,8.3,0.0,
古馬・３勝,函館・芝2000m,    3,0.0,0.0,0.0,0.0,16.7,50.0,33.3,0.0,
古馬・オープン,函館・芝2000m,    6,8.3,16.7,25.0,16.7,16.7,8.3,8.3,0.0,
３歳・未勝利,函館・芝2600m,   12,8.3,8.3,12.5,12.5,12.5,20.8,12.5,12.5,
古馬・１勝,函館・芝2600m,   17,11.8,14.7,14.7,14.7,8.8,2.9,11.8,20.6,
古馬・２勝,函館・芝2600m,    7,14.3,7.1,7.1,7.1,21.4,21.4,14.3,7.1,
古馬・オープン,函館・芝2600m,    1,0.0,0.0,50.0,0.0,50.0,0.0,0.0,0.0,
２歳・新馬,函館・ダ1000m,   11,22.7,9.1,13.6,22.7,13.6,0.0,18.2,0.0,
２歳・未勝利,函館・ダ1000m,    7,14.3,14.3,7.1,7.1,14.3,7.1,14.3,21.4,
３歳・未勝利,函館・ダ1000m,   52,5.8,8.7,8.7,7.7,19.2,15.4,6.7,27.9,
古馬・１勝,函館・ダ1000m,   41,11.0,11.0,8.5,4.9,7.3,18.3,19.5,19.5,
古馬・２勝,函館・ダ1000m,    7,14.3,7.1,14.3,7.1,7.1,0.0,28.6,21.4,
２歳・新馬,函館・ダ1700m,    1,0.0,0.0,50.0,0.0,0.0,0.0,0.0,50.0,
２歳・未勝利,函館・ダ1700m,    1,0.0,0.0,0.0,0.0,100.0,0.0,0.0,0.0,
３歳・未勝利,函館・ダ1700m,  106,9.0,8.0,11.8,10.8,12.7,17.9,16.5,13.2,
古馬・１勝,函館・ダ1700m,   72,9.0,7.6,11.1,7.6,16.7,10.4,22.9,14.6,
古馬・２勝,函館・ダ1700m,   30,10.0,8.3,15.0,6.7,10.0,15.0,18.3,16.7,
古馬・３勝,函館・ダ1700m,    1,0.0,0.0,0.0,50.0,0.0,0.0,50.0,0.0,
古馬・オープン,函館・ダ1700m,   12,0.0,12.5,25.0,12.5,8.3,20.8,8.3,12.5,
３歳・未勝利,函館・ダ2400m,    8,6.3,12.5,12.5,0.0,18.8,12.5,18.8,18.8,
古馬・１勝,函館・ダ2400m,    6,8.3,0.0,0.0,16.7,16.7,8.3,16.7,33.3,
２歳・新馬,福島・芝1200m,   43,10.5,15.1,9.3,10.5,9.3,16.3,11.6,17.4,
２歳・未勝利,福島・芝1200m,   37,16.2,14.9,12.2,10.8,8.1,14.9,13.5,9.5,
２歳・オープン,福島・芝1200m,    6,0.0,25.0,25.0,16.7,0.0,0.0,16.7,16.7,
３歳・未勝利,福島・芝1200m,   61,20.5,11.5,17.2,10.7,8.2,9.0,11.5,11.5,
３歳・１勝,福島・芝1200m,    6,8.3,16.7,16.7,25.0,8.3,16.7,0.0,8.3,
古馬・１勝,福島・芝1200m,   98,15.3,16.3,13.8,11.2,9.2,16.8,8.2,9.7,
古馬・２勝,福島・芝1200m,   28,16.1,5.4,16.1,14.3,12.5,10.7,8.9,17.9,
古馬・３勝,福島・芝1200m,   15,10.0,10.0,10.0,3.3,13.3,13.3,16.7,23.3,
古馬・オープン,福島・芝1200m,   12,8.3,20.8,16.7,12.5,8.3,8.3,16.7,8.3,
２歳・新馬,福島・芝1800m,   32,3.1,14.1,10.9,10.9,12.5,15.6,21.9,10.9,
２歳・未勝利,福島・芝1800m,   30,13.3,10.0,13.3,10.0,16.7,11.7,13.3,11.7,
３歳・未勝利,福島・芝1800m,   33,4.5,7.6,18.2,19.7,13.6,12.1,10.6,13.6,
３歳・オープン,福島・芝1800m,    6,33.3,0.0,16.7,16.7,25.0,0.0,0.0,8.3,
古馬・１勝,福島・芝1800m,   53,11.3,9.4,18.9,16.0,11.3,11.3,12.3,10.4,
古馬・２勝,福島・芝1800m,   15,16.7,10.0,23.3,20.0,6.7,13.3,13.3,0.0,
古馬・３勝,福島・芝1800m,    3,33.3,50.0,0.0,16.7,0.0,0.0,0.0,0.0,
古馬・オープン,福島・芝1800m,    5,30.0,20.0,20.0,0.0,10.0,0.0,20.0,0.0,
２歳・新馬,福島・芝2000m,   16,9.4,6.3,18.8,12.5,12.5,15.6,18.8,6.3,
２歳・未勝利,福島・芝2000m,    7,7.1,7.1,7.1,7.1,7.1,42.9,14.3,7.1,
３歳・未勝利,福島・芝2000m,   39,10.3,7.7,9.0,16.7,20.5,15.4,12.8,7.7,
３歳・１勝,福島・芝2000m,    4,12.5,0.0,12.5,25.0,25.0,12.5,12.5,0.0,
古馬・１勝,福島・芝2000m,   49,13.3,8.2,18.4,13.3,11.2,8.2,11.2,16.3,
古馬・２勝,福島・芝2000m,    8,12.5,12.5,12.5,18.8,12.5,6.3,6.3,18.8,
古馬・３勝,福島・芝2000m,    6,25.0,8.3,8.3,8.3,8.3,16.7,8.3,16.7,
古馬・オープン,福島・芝2000m,   17,11.8,17.6,17.6,14.7,14.7,5.9,2.9,14.7,
３歳・未勝利,福島・芝2600m,   13,7.7,19.2,7.7,15.4,11.5,15.4,7.7,15.4,
古馬・１勝,福島・芝2600m,   37,16.2,10.8,8.1,6.8,14.9,14.9,13.5,14.9,
古馬・２勝,福島・芝2600m,   17,8.8,8.8,14.7,11.8,20.6,11.8,5.9,17.6,
２歳・新馬,福島・ダ1150m,   12,4.2,0.0,8.3,20.8,12.5,4.2,29.2,20.8,
２歳・未勝利,福島・ダ1150m,   24,12.5,12.5,10.4,14.6,14.6,14.6,2.1,18.8,
３歳・未勝利,福島・ダ1150m,   51,14.7,10.8,14.7,12.7,10.8,10.8,12.7,12.7,
古馬・１勝,福島・ダ1150m,   77,17.5,8.4,13.6,11.0,9.7,12.3,11.0,16.2,
古馬・２勝,福島・ダ1150m,   23,8.7,10.9,19.6,8.7,13.0,13.0,6.5,19.6,
古馬・３勝,福島・ダ1150m,   15,26.7,13.3,13.3,6.7,10.0,13.3,6.7,10.0,
古馬・オープン,福島・ダ1150m,    3,0.0,0.0,0.0,16.7,16.7,16.7,33.3,16.7,
２歳・新馬,福島・ダ1700m,    8,0.0,25.0,12.5,12.5,18.8,6.3,6.3,18.8,
２歳・未勝利,福島・ダ1700m,   28,3.6,12.5,14.3,10.7,12.5,12.5,14.3,19.6,
３歳・未勝利,福島・ダ1700m,  104,5.8,14.4,11.5,13.0,13.5,15.4,12.0,14.4,
古馬・１勝,福島・ダ1700m,  113,6.2,12.8,16.4,11.1,8.4,15.0,14.2,15.9,
古馬・２勝,福島・ダ1700m,   39,7.7,10.3,10.3,14.1,20.5,15.4,12.8,9.0,
古馬・３勝,福島・ダ1700m,   15,13.3,6.7,20.0,6.7,13.3,10.0,16.7,13.3,
古馬・オープン,福島・ダ1700m,   15,3.3,23.3,6.7,13.3,10.0,26.7,13.3,3.3,
古馬・１勝,福島・ダ2400m,   11,13.6,9.1,9.1,18.2,9.1,9.1,13.6,18.2,
２歳・未勝利,新潟・芝1000m,   15,0.0,10.0,6.7,20.0,23.3,16.7,10.0,13.3,
３歳・未勝利,新潟・芝1000m,   17,5.9,17.6,2.9,0.0,5.9,14.7,23.5,29.4,
３歳・１勝,新潟・芝1000m,    6,0.0,0.0,0.0,16.7,8.3,16.7,33.3,25.0,
古馬・１勝,新潟・芝1000m,   49,2.0,8.2,4.1,6.1,10.2,13.3,19.4,36.7,
古馬・２勝,新潟・芝1000m,   19,2.6,0.0,2.6,15.8,5.3,15.8,28.9,28.9,
古馬・３勝,新潟・芝1000m,   10,5.0,5.0,5.0,0.0,10.0,15.0,20.0,40.0,
古馬・オープン,新潟・芝1000m,   18,5.6,2.8,11.1,2.8,8.3,8.3,25.0,36.1,
２歳・新馬,新潟・芝1200m,   10,5.0,25.0,10.0,5.0,15.0,0.0,20.0,20.0,
２歳・未勝利,新潟・芝1200m,   15,13.3,10.0,16.7,16.7,10.0,20.0,6.7,6.7,
３歳・未勝利,新潟・芝1200m,   26,15.4,9.6,5.8,7.7,13.5,15.4,17.3,17.3,
３歳・１勝,新潟・芝1200m,    6,8.3,8.3,8.3,8.3,25.0,16.7,8.3,16.7,
古馬・１勝,新潟・芝1200m,   25,6.0,14.0,6.0,10.0,24.0,8.0,20.0,12.0,
古馬・２勝,新潟・芝1200m,   15,3.3,10.0,13.3,10.0,10.0,16.7,13.3,23.3,
古馬・３勝,新潟・芝1200m,    8,18.8,18.8,6.3,0.0,6.3,31.3,12.5,6.3,
２歳・新馬,新潟・芝1400m,   24,6.3,10.4,14.6,16.7,8.3,12.5,12.5,18.8,
２歳・未勝利,新潟・芝1400m,   23,8.7,13.0,10.9,13.0,13.0,13.0,17.4,10.9,
２歳・オープン,新潟・芝1400m,    6,33.3,8.3,0.0,0.0,16.7,8.3,8.3,25.0,
３歳・未勝利,新潟・芝1400m,   24,22.9,10.4,8.3,8.3,12.5,16.7,12.5,8.3,
古馬・１勝,新潟・芝1400m,   31,4.8,6.5,11.3,22.6,8.1,9.7,12.9,24.2,
古馬・２勝,新潟・芝1400m,   11,22.7,0.0,9.1,13.6,4.5,22.7,9.1,18.2,
古馬・３勝,新潟・芝1400m,    6,8.3,0.0,8.3,25.0,8.3,33.3,8.3,8.3,
古馬・オープン,新潟・芝1400m,   12,12.5,12.5,8.3,4.2,4.2,16.7,20.8,20.8,
２歳・新馬,新潟・芝1600m,   45,5.6,11.1,10.0,8.9,22.2,5.6,18.9,17.8,
２歳・未勝利,新潟・芝1600m,   32,6.3,15.6,9.4,6.3,18.8,10.9,15.6,17.2,
２歳・オープン,新潟・芝1600m,    6,8.3,0.0,8.3,0.0,8.3,25.0,25.0,25.0,
３歳・未勝利,新潟・芝1600m,   24,4.2,12.5,14.6,12.5,12.5,16.7,14.6,12.5,
古馬・１勝,新潟・芝1600m,   35,7.1,11.4,5.7,14.3,12.9,12.9,24.3,12.9,
古馬・２勝,新潟・芝1600m,   14,14.3,7.1,10.7,3.6,25.0,3.6,17.9,17.9,
古馬・３勝,新潟・芝1600m,    6,8.3,0.0,25.0,16.7,0.0,25.0,8.3,16.7,
古馬・オープン,新潟・芝1600m,   11,22.7,4.5,4.5,13.6,4.5,13.6,27.3,13.6,
２歳・新馬,新潟・芝1800m,   33,4.5,10.6,10.6,15.2,16.7,13.6,9.1,19.7,
２歳・未勝利,新潟・芝1800m,   26,3.8,7.7,11.5,7.7,11.5,21.2,11.5,25.0,
３歳・未勝利,新潟・芝1800m,   45,8.9,11.1,8.9,16.7,18.9,6.7,12.2,16.7,
３歳・１勝,新潟・芝1800m,    3,0.0,0.0,16.7,33.3,16.7,0.0,16.7,16.7,
古馬・１勝,新潟・芝1800m,   59,11.9,13.6,8.5,9.3,13.6,11.0,16.9,15.3,
古馬・２勝,新潟・芝1800m,   16,12.5,6.3,9.4,6.3,15.6,12.5,21.9,15.6,
古馬・３勝,新潟・芝1800m,   11,9.1,13.6,27.3,9.1,13.6,9.1,9.1,9.1,
古馬・オープン,新潟・芝1800m,    7,7.1,0.0,14.3,7.1,7.1,14.3,35.7,14.3,
２歳・新馬,新潟・芝2000m,    8,12.5,12.5,6.3,18.8,12.5,25.0,6.3,6.3,
２歳・未勝利,新潟・芝2000m,   21,9.5,7.1,11.9,7.1,16.7,7.1,21.4,19.0,
３歳・未勝利,新潟・芝2000m,   48,10.4,2.1,9.4,9.4,15.6,18.8,18.8,15.6,
３歳・１勝,新潟・芝2000m,    1,0.0,0.0,0.0,0.0,50.0,50.0,0.0,0.0,
古馬・１勝,新潟・芝2000m,   43,11.6,11.6,11.6,10.5,15.1,9.3,11.6,18.6,
古馬・２勝,新潟・芝2000m,   20,17.5,12.5,12.5,15.0,5.0,7.5,12.5,17.5,
古馬・３勝,新潟・芝2000m,    6,8.3,16.7,8.3,16.7,16.7,8.3,16.7,8.3,
古馬・オープン,新潟・芝2000m,   13,7.7,7.7,15.4,7.7,7.7,19.2,7.7,26.9,
３歳・未勝利,新潟・芝2200m,   17,11.8,11.8,11.8,14.7,8.8,11.8,11.8,17.6,
古馬・１勝,新潟・芝2200m,   24,10.4,8.3,14.6,10.4,10.4,14.6,8.3,22.9,
古馬・２勝,新潟・芝2200m,    6,16.7,16.7,8.3,16.7,25.0,8.3,8.3,0.0,
古馬・３勝,新潟・芝2200m,    6,16.7,8.3,0.0,8.3,16.7,8.3,16.7,25.0,
古馬・オープン,新潟・芝2200m,    6,0.0,25.0,16.7,16.7,16.7,0.0,8.3,16.7,
３歳・未勝利,新潟・芝2400m,   13,3.8,11.5,11.5,11.5,11.5,19.2,19.2,11.5,
古馬・１勝,新潟・芝2400m,   17,11.8,2.9,20.6,11.8,2.9,14.7,14.7,23.5,
古馬・２勝,新潟・芝2400m,    1,0.0,50.0,50.0,0.0,0.0,0.0,0.0,0.0,
２歳・新馬,新潟・ダ1200m,   19,7.9,10.5,10.5,21.1,10.5,18.4,18.4,2.6,
２歳・未勝利,新潟・ダ1200m,   33,9.1,7.6,13.6,15.2,10.6,10.6,18.2,15.2,
３歳・未勝利,新潟・ダ1200m,  119,5.0,10.9,13.4,14.7,16.0,14.7,12.2,13.0,
古馬・１勝,新潟・ダ1200m,  148,4.7,11.5,10.1,12.5,9.8,20.9,14.9,15.5,
古馬・２勝,新潟・ダ1200m,   32,12.5,9.4,10.9,14.1,10.9,14.1,20.3,9.4,
古馬・３勝,新潟・ダ1200m,   14,7.1,10.7,21.4,10.7,10.7,10.7,10.7,17.9,
古馬・オープン,新潟・ダ1200m,    9,0.0,5.6,5.6,16.7,16.7,27.8,22.2,5.6,
２歳・新馬,新潟・ダ1800m,   17,2.9,2.9,20.6,14.7,11.8,17.6,14.7,14.7,
２歳・未勝利,新潟・ダ1800m,   31,3.2,4.8,8.1,6.5,24.2,21.0,16.1,16.1,
３歳・未勝利,新潟・ダ1800m,  162,5.6,9.9,15.7,15.1,15.4,13.6,13.0,11.7,
３歳・１勝,新潟・ダ1800m,    6,8.3,33.3,25.0,25.0,8.3,0.0,0.0,0.0,
３歳・オープン,新潟・ダ1800m,    6,25.0,16.7,8.3,16.7,0.0,0.0,0.0,33.3,
古馬・１勝,新潟・ダ1800m,  158,8.9,7.3,9.8,13.3,16.1,16.1,13.0,15.5,
古馬・２勝,新潟・ダ1800m,   58,0.9,14.7,6.9,7.8,22.4,12.9,17.2,17.2,
古馬・３勝,新潟・ダ1800m,   16,6.3,12.5,6.3,9.4,9.4,12.5,31.3,12.5,
古馬・オープン,新潟・ダ1800m,    7,7.1,14.3,0.0,28.6,21.4,0.0,7.1,21.4,
３歳・未勝利,新潟・ダ2500m,    1,0.0,0.0,50.0,0.0,50.0,0.0,0.0,0.0,
古馬・１勝,新潟・ダ2500m,    8,0.0,0.0,12.5,0.0,18.8,12.5,18.8,37.5,
２歳・新馬,東京・芝1400m,   48,7.3,5.2,11.5,11.5,11.5,13.5,15.6,25.0,
２歳・未勝利,東京・芝1400m,   41,13.4,8.5,9.8,9.8,14.6,15.9,14.6,13.4,
２歳・１勝,東京・芝1400m,   11,0.0,9.1,13.6,9.1,18.2,18.2,18.2,13.6,
２歳・オープン,東京・芝1400m,    6,0.0,8.3,16.7,8.3,33.3,16.7,8.3,8.3,
３歳・未勝利,東京・芝1400m,   42,13.1,13.1,7.1,11.9,9.5,11.9,16.7,17.9,
３歳・１勝,東京・芝1400m,   24,12.5,2.1,12.5,16.7,14.6,12.5,12.5,16.7,
３歳・オープン,東京・芝1400m,    6,8.3,8.3,8.3,0.0,0.0,25.0,33.3,16.7,
古馬・１勝,東京・芝1400m,   25,4.0,12.0,12.0,10.0,12.0,18.0,18.0,14.0,
古馬・２勝,東京・芝1400m,   63,7.9,7.1,11.1,15.1,13.5,12.7,17.5,15.1,
古馬・３勝,東京・芝1400m,   36,6.9,12.5,13.9,11.1,9.7,15.3,12.5,18.1,
古馬・オープン,東京・芝1400m,   18,8.3,8.3,13.9,2.8,8.3,16.7,22.2,19.4,
２歳・新馬,東京・芝1600m,   76,7.9,5.9,13.2,15.8,13.8,17.8,9.2,16.4,
２歳・未勝利,東京・芝1600m,   56,10.7,10.7,15.2,11.6,10.7,13.4,14.3,13.4,
２歳・１勝,東京・芝1600m,   12,4.2,12.5,16.7,4.2,12.5,8.3,20.8,20.8,
２歳・オープン,東京・芝1600m,   12,16.7,12.5,16.7,4.2,12.5,12.5,12.5,12.5,
３歳・新馬,東京・芝1600m,   11,13.6,13.6,13.6,4.5,9.1,9.1,13.6,22.7,
３歳・未勝利,東京・芝1600m,   65,14.6,12.3,10.8,9.2,13.1,13.1,16.2,10.8,
３歳・１勝,東京・芝1600m,   20,17.5,7.5,10.0,12.5,12.5,15.0,15.0,10.0,
３歳・オープン,東京・芝1600m,   12,8.3,8.3,8.3,8.3,25.0,16.7,12.5,12.5,
古馬・１勝,東京・芝1600m,   54,13.9,10.2,13.0,7.4,8.3,15.7,18.5,13.0,
古馬・２勝,東京・芝1600m,   54,11.1,8.3,2.8,10.2,13.9,20.4,11.1,22.2,
古馬・３勝,東京・芝1600m,   23,15.2,10.9,8.7,13.0,4.3,8.7,19.6,19.6,
古馬・オープン,東京・芝1600m,   30,8.3,11.7,10.0,11.7,13.3,13.3,11.7,20.0,
２歳・新馬,東京・芝1800m,   48,6.3,9.4,6.3,15.6,19.8,12.5,20.8,9.4,
２歳・未勝利,東京・芝1800m,   44,9.1,18.2,10.2,12.5,8.0,12.5,14.8,14.8,
２歳・オープン,東京・芝1800m,   12,20.8,12.5,16.7,8.3,4.2,16.7,12.5,8.3,
３歳・新馬,東京・芝1800m,   13,7.7,15.4,26.9,3.8,3.8,11.5,11.5,19.2,
３歳・未勝利,東京・芝1800m,   65,12.3,18.5,12.3,10.8,10.8,13.1,10.8,12.3,
３歳・１勝,東京・芝1800m,   16,3.1,9.4,15.6,12.5,18.8,12.5,18.8,9.4,
３歳・オープン,東京・芝1800m,   12,4.2,8.3,0.0,25.0,12.5,12.5,12.5,25.0,
古馬・１勝,東京・芝1800m,   42,9.5,6.0,9.5,20.2,13.1,14.3,15.5,11.9,
古馬・２勝,東京・芝1800m,   42,8.3,6.0,8.3,11.9,17.9,14.3,13.1,20.2,
古馬・３勝,東京・芝1800m,   27,11.1,3.7,9.3,18.5,11.1,9.3,16.7,20.4,
古馬・オープン,東京・芝1800m,   25,8.0,10.0,8.0,12.0,18.0,12.0,16.0,16.0,
２歳・新馬,東京・芝2000m,   29,10.3,6.9,8.6,17.2,10.3,3.4,15.5,27.6,
２歳・未勝利,東京・芝2000m,   45,13.3,10.0,6.7,13.3,18.9,14.4,13.3,10.0,
２歳・１勝,東京・芝2000m,    6,8.3,16.7,16.7,8.3,8.3,16.7,16.7,8.3,
３歳・未勝利,東京・芝2000m,   36,8.3,5.6,15.3,11.1,15.3,15.3,13.9,16.7,
３歳・１勝,東京・芝2000m,    8,6.3,6.3,25.0,12.5,6.3,25.0,0.0,18.8,
３歳・オープン,東京・芝2000m,   12,4.2,33.3,8.3,16.7,16.7,8.3,4.2,8.3,
古馬・１勝,東京・芝2000m,   33,10.6,7.6,4.5,9.1,19.7,18.2,15.2,15.2,
古馬・２勝,東京・芝2000m,   43,9.3,7.0,14.0,10.5,20.9,11.6,12.8,14.0,
古馬・３勝,東京・芝2000m,   25,16.0,8.0,6.0,12.0,10.0,10.0,16.0,22.0,
古馬・オープン,東京・芝2000m,   18,16.7,2.8,13.9,16.7,19.4,11.1,11.1,8.3,
３歳・未勝利,東京・芝2300m,    5,10.0,10.0,0.0,10.0,10.0,10.0,30.0,20.0,
３歳・１勝,東京・芝2300m,    5,0.0,20.0,20.0,0.0,10.0,40.0,10.0,0.0,
古馬・１勝,東京・芝2300m,    1,0.0,50.0,50.0,0.0,0.0,0.0,0.0,0.0,
３歳・未勝利,東京・芝2400m,   39,19.2,7.7,10.3,3.8,17.9,7.7,11.5,21.8,
３歳・１勝,東京・芝2400m,   11,18.2,4.5,18.2,4.5,4.5,22.7,9.1,18.2,
３歳・オープン,東京・芝2400m,   18,11.1,5.6,16.7,11.1,11.1,16.7,13.9,13.9,
古馬・１勝,東京・芝2400m,   35,8.6,8.6,11.4,14.3,7.1,17.1,14.3,18.6,
古馬・２勝,東京・芝2400m,   40,11.3,6.3,10.0,10.0,18.8,17.5,11.3,15.0,
古馬・３勝,東京・芝2400m,   24,6.3,4.2,10.4,12.5,18.8,14.6,18.8,14.6,
古馬・オープン,東京・芝2400m,   12,16.7,12.5,12.5,12.5,12.5,20.8,8.3,8.3,
古馬・２勝,東京・芝2500m,    2,25.0,25.0,0.0,0.0,25.0,25.0,0.0,0.0,
古馬・オープン,東京・芝2500m,   12,8.3,12.5,8.3,16.7,20.8,8.3,8.3,16.7,
古馬・オープン,東京・芝3400m,    6,0.0,16.7,16.7,8.3,8.3,8.3,16.7,25.0,
２歳・新馬,東京・ダ1300m,   11,9.1,18.2,4.5,4.5,22.7,13.6,13.6,13.6,
２歳・未勝利,東京・ダ1300m,   18,19.4,13.9,5.6,13.9,11.1,22.2,2.8,11.1,
３歳・未勝利,東京・ダ1300m,   55,14.5,17.3,11.8,10.9,10.9,8.2,11.8,14.5,
古馬・１勝,東京・ダ1300m,   28,8.9,14.3,17.9,7.1,8.9,14.3,16.1,12.5,
古馬・２勝,東京・ダ1300m,   25,8.0,10.0,12.0,14.0,20.0,12.0,14.0,10.0,
古馬・３勝,東京・ダ1300m,    6,0.0,8.3,0.0,8.3,25.0,16.7,33.3,8.3,
２歳・新馬,東京・ダ1400m,   25,12.0,10.0,18.0,8.0,18.0,14.0,14.0,6.0,
２歳・未勝利,東京・ダ1400m,   50,8.0,13.0,5.0,18.0,13.0,17.0,13.0,13.0,
２歳・１勝,東京・ダ1400m,    6,25.0,8.3,25.0,0.0,8.3,8.3,25.0,0.0,
３歳・新馬,東京・ダ1400m,   18,8.3,8.3,13.9,16.7,13.9,16.7,5.6,16.7,
３歳・未勝利,東京・ダ1400m,  145,11.0,12.8,12.1,13.8,11.7,13.8,12.8,12.1,
３歳・１勝,東京・ダ1400m,   36,5.6,13.9,18.1,8.3,11.1,15.3,18.1,9.7,
古馬・１勝,東京・ダ1400m,  112,9.8,12.1,12.9,12.5,10.7,13.8,13.4,14.7,
古馬・２勝,東京・ダ1400m,   94,12.2,11.7,9.6,13.3,12.2,13.8,15.4,11.7,
古馬・３勝,東京・ダ1400m,   42,7.1,11.9,10.7,17.9,9.5,9.5,15.5,17.9,
古馬・オープン,東京・ダ1400m,   30,8.3,8.3,13.3,16.7,10.0,8.3,18.3,16.7,
２歳・新馬,東京・ダ1600m,   41,7.3,15.9,14.6,4.9,12.2,15.9,14.6,14.6,
２歳・未勝利,東京・ダ1600m,   76,7.9,10.5,11.8,10.5,11.8,13.2,15.8,18.4,
２歳・１勝,東京・ダ1600m,    6,8.3,16.7,8.3,25.0,25.0,0.0,0.0,16.7,
２歳・オープン,東京・ダ1600m,    6,8.3,0.0,8.3,8.3,16.7,25.0,8.3,25.0,
３歳・新馬,東京・ダ1600m,   18,16.7,2.8,5.6,16.7,25.0,8.3,11.1,13.9,
３歳・未勝利,東京・ダ1600m,  171,11.4,11.4,9.4,12.9,13.5,13.5,13.5,14.6,
３歳・１勝,東京・ダ1600m,   36,6.9,6.9,9.7,5.6,16.7,25.0,12.5,16.7,
３歳・オープン,東京・ダ1600m,   16,9.4,18.8,18.8,3.1,3.1,6.3,15.6,25.0,
古馬・１勝,東京・ダ1600m,  146,7.2,8.2,9.6,9.6,15.1,19.2,15.1,16.1,
古馬・２勝,東京・ダ1600m,   93,11.3,10.8,9.7,9.7,11.3,12.4,15.1,19.9,
古馬・３勝,東京・ダ1600m,   41,15.9,7.3,14.6,11.0,12.2,11.0,12.2,15.9,
古馬・オープン,東京・ダ1600m,   29,6.9,22.4,8.6,8.6,15.5,13.8,8.6,15.5,
３歳・未勝利,東京・ダ2100m,   76,5.3,9.9,14.5,13.2,16.4,13.2,15.1,12.5,
３歳・１勝,東京・ダ2100m,    6,25.0,0.0,16.7,33.3,0.0,8.3,8.3,8.3,
古馬・１勝,東京・ダ2100m,   48,9.4,8.3,15.6,11.5,10.4,15.6,12.5,16.7,
古馬・２勝,東京・ダ2100m,   48,10.4,10.4,12.5,13.5,16.7,14.6,9.4,12.5,
古馬・３勝,東京・ダ2100m,   30,8.3,15.0,20.0,13.3,13.3,15.0,8.3,6.7,
古馬・オープン,東京・ダ2100m,   18,8.3,11.1,16.7,11.1,11.1,11.1,11.1,22.2,
２歳・新馬,中山・芝1200m,   18,19.4,19.4,19.4,11.1,5.6,5.6,13.9,5.6,
２歳・未勝利,中山・芝1200m,   30,10.0,15.0,18.3,8.3,11.7,8.3,20.0,8.3,
２歳・１勝,中山・芝1200m,    6,8.3,8.3,0.0,41.7,8.3,8.3,16.7,8.3,
２歳・オープン,中山・芝1200m,    6,16.7,16.7,8.3,8.3,16.7,16.7,8.3,8.3,
３歳・１勝,中山・芝1200m,   24,12.5,12.5,14.6,8.3,12.5,14.6,10.4,14.6,
古馬・１勝,中山・芝1200m,   14,17.9,21.4,7.1,14.3,10.7,10.7,7.1,10.7,
古馬・２勝,中山・芝1200m,   50,14.0,9.0,13.0,17.0,14.0,15.0,10.0,8.0,
古馬・３勝,中山・芝1200m,   30,13.3,15.0,18.3,15.0,8.3,5.0,16.7,8.3,
古馬・オープン,中山・芝1200m,   30,15.0,11.7,5.0,8.3,20.0,11.7,16.7,11.7,
２歳・新馬,中山・芝1600m,   47,8.5,19.1,12.8,11.7,11.7,11.7,13.8,10.6,
２歳・未勝利,中山・芝1600m,   46,17.4,12.0,17.4,10.9,13.0,9.8,7.6,12.0,
２歳・１勝,中山・芝1600m,   17,8.8,11.8,14.7,11.8,11.8,17.6,11.8,11.8,
３歳・新馬,中山・芝1600m,   12,12.5,20.8,8.3,12.5,20.8,12.5,4.2,8.3,
３歳・未勝利,中山・芝1600m,   57,14.0,13.2,13.2,16.7,11.4,13.2,9.6,8.8,
３歳・１勝,中山・芝1600m,   30,11.7,5.0,1.7,18.3,26.7,6.7,15.0,15.0,
３歳・オープン,中山・芝1600m,   24,10.4,8.3,10.4,12.5,18.8,14.6,8.3,16.7,
古馬・１勝,中山・芝1600m,   36,9.7,13.9,9.7,22.2,11.1,13.9,9.7,9.7,
古馬・２勝,中山・芝1600m,   55,8.2,10.0,14.5,11.8,11.8,13.6,13.6,16.4,
古馬・３勝,中山・芝1600m,   28,26.8,8.9,12.5,16.1,10.7,5.4,7.1,14.3,
古馬・オープン,中山・芝1600m,   30,16.7,13.3,11.7,15.0,16.7,3.3,13.3,10.0,
２歳・新馬,中山・芝1800m,   24,6.3,4.2,14.6,18.8,14.6,18.8,12.5,10.4,
２歳・未勝利,中山・芝1800m,   29,15.5,8.6,13.8,12.1,12.1,8.6,19.0,10.3,
３歳・未勝利,中山・芝1800m,   20,30.0,5.0,20.0,15.0,2.5,10.0,7.5,10.0,
３歳・１勝,中山・芝1800m,   24,8.3,6.3,6.3,16.7,6.3,18.8,20.8,16.7,
３歳・オープン,中山・芝1800m,   12,8.3,16.7,4.2,12.5,12.5,4.2,20.8,20.8,
古馬・１勝,中山・芝1800m,   20,7.5,17.5,10.0,10.0,17.5,12.5,17.5,7.5,
古馬・２勝,中山・芝1800m,   44,14.8,8.0,9.1,12.5,10.2,14.8,12.5,18.2,
古馬・３勝,中山・芝1800m,   19,5.3,15.8,5.3,15.8,15.8,15.8,15.8,10.5,
古馬・オープン,中山・芝1800m,   18,16.7,8.3,8.3,13.9,13.9,5.6,22.2,11.1,
２歳・新馬,中山・芝2000m,   34,5.9,7.4,4.4,16.2,7.4,17.6,22.1,19.1,
２歳・未勝利,中山・芝2000m,   40,13.8,6.3,12.5,10.0,16.3,15.0,16.3,10.0,
２歳・１勝,中山・芝2000m,    6,25.0,25.0,16.7,0.0,16.7,0.0,8.3,8.3,
２歳・オープン,中山・芝2000m,   12,12.5,12.5,16.7,8.3,8.3,16.7,16.7,8.3,
３歳・新馬,中山・芝2000m,   14,3.6,10.7,7.1,3.6,10.7,21.4,32.1,10.7,
３歳・未勝利,中山・芝2000m,   58,13.8,12.9,11.2,12.9,11.2,12.1,15.5,10.3,
３歳・１勝,中山・芝2000m,   24,8.3,8.3,8.3,8.3,20.8,10.4,12.5,22.9,
３歳・オープン,中山・芝2000m,   24,16.7,4.2,6.3,14.6,14.6,12.5,12.5,18.8,
古馬・１勝,中山・芝2000m,   28,12.5,5.4,8.9,17.9,12.5,21.4,8.9,12.5,
古馬・２勝,中山・芝2000m,   39,11.5,9.0,12.8,10.3,16.7,15.4,10.3,14.1,
古馬・３勝,中山・芝2000m,   11,13.6,0.0,13.6,13.6,13.6,0.0,22.7,22.7,
古馬・オープン,中山・芝2000m,    6,16.7,25.0,0.0,41.7,8.3,0.0,0.0,8.3,
３歳・未勝利,中山・芝2200m,   36,18.1,8.3,13.9,8.3,8.3,11.1,13.9,18.1,
３歳・１勝,中山・芝2200m,   12,4.2,8.3,8.3,20.8,16.7,8.3,16.7,16.7,
３歳・オープン,中山・芝2200m,    6,8.3,8.3,8.3,0.0,41.7,8.3,16.7,8.3,
古馬・１勝,中山・芝2200m,   20,15.0,15.0,2.5,22.5,10.0,17.5,12.5,5.0,
古馬・２勝,中山・芝2200m,    6,8.3,0.0,0.0,8.3,8.3,33.3,8.3,33.3,
古馬・３勝,中山・芝2200m,   12,8.3,16.7,8.3,20.8,8.3,4.2,16.7,16.7,
古馬・オープン,中山・芝2200m,   12,16.7,16.7,8.3,12.5,4.2,8.3,12.5,20.8,
古馬・１勝,中山・芝2500m,    9,11.1,5.6,11.1,11.1,16.7,27.8,11.1,5.6,
古馬・２勝,中山・芝2500m,   30,3.3,8.3,8.3,15.0,20.0,10.0,18.3,16.7,
古馬・３勝,中山・芝2500m,   12,8.3,12.5,4.2,4.2,16.7,20.8,8.3,25.0,
古馬・オープン,中山・芝2500m,   12,0.0,12.5,12.5,16.7,25.0,12.5,4.2,16.7,
古馬・オープン,中山・芝3600m,    6,0.0,0.0,25.0,16.7,8.3,16.7,25.0,8.3,
２歳・新馬,中山・ダ1200m,   42,7.1,9.5,14.3,11.9,9.5,15.5,15.5,16.7,
２歳・未勝利,中山・ダ1200m,   97,8.2,10.3,13.4,7.7,12.4,12.4,16.0,19.6,
２歳・１勝,中山・ダ1200m,   12,0.0,12.5,20.8,29.2,8.3,8.3,12.5,8.3,
３歳・新馬,中山・ダ1200m,   20,5.0,12.5,7.5,12.5,12.5,20.0,17.5,12.5,
３歳・未勝利,中山・ダ1200m,  212,10.8,10.4,12.5,13.4,12.3,13.9,13.9,13.0,
３歳・１勝,中山・ダ1200m,   30,11.7,8.3,10.0,16.7,6.7,16.7,15.0,15.0,
古馬・１勝,中山・ダ1200m,  162,11.1,14.2,9.0,11.7,16.0,13.9,11.4,13.0,
古馬・２勝,中山・ダ1200m,  102,7.8,8.3,13.7,10.8,13.7,17.6,12.7,15.7,
古馬・３勝,中山・ダ1200m,   45,7.8,10.0,8.9,11.1,15.6,11.1,14.4,21.1,
古馬・オープン,中山・ダ1200m,   30,8.3,15.0,10.0,11.7,13.3,10.0,16.7,15.0,
２歳・新馬,中山・ダ1800m,   43,8.1,7.0,8.1,11.6,8.1,14.0,23.3,19.8,
２歳・未勝利,中山・ダ1800m,   99,8.1,11.1,13.1,11.1,16.7,14.6,11.1,14.6,
２歳・１勝,中山・ダ1800m,    6,16.7,16.7,8.3,8.3,8.3,0.0,33.3,8.3,
３歳・新馬,中山・ダ1800m,   32,12.5,14.1,9.4,10.9,17.2,7.8,9.4,18.8,
３歳・未勝利,中山・ダ1800m,  267,8.4,11.2,10.7,12.4,12.2,14.0,15.0,16.1,
３歳・１勝,中山・ダ1800m,   39,7.7,7.7,7.7,6.4,15.4,24.4,17.9,12.8,
３歳・オープン,中山・ダ1800m,    6,0.0,25.0,0.0,16.7,8.3,8.3,8.3,33.3,
古馬・１勝,中山・ダ1800m,  172,9.9,11.3,7.8,12.5,13.1,15.1,14.8,15.4,
古馬・２勝,中山・ダ1800m,   92,7.6,9.8,7.6,17.4,12.0,12.0,17.4,16.3,
古馬・３勝,中山・ダ1800m,   50,10.0,13.0,10.0,9.0,13.0,16.0,12.0,17.0,
古馬・オープン,中山・ダ1800m,   31,11.3,8.1,12.9,11.3,9.7,19.4,12.9,14.5,
古馬・１勝,中山・ダ2400m,   26,5.8,5.8,19.2,9.6,11.5,25.0,13.5,9.6,
古馬・２勝,中山・ダ2400m,   30,15.0,6.7,8.3,11.7,15.0,13.3,13.3,16.7,
古馬・１勝,中山・ダ2500m,    6,8.3,8.3,8.3,0.0,8.3,8.3,33.3,25.0,
２歳・新馬,中京・芝1200m,   10,10.0,10.0,15.0,15.0,5.0,5.0,25.0,15.0,
２歳・未勝利,中京・芝1200m,   12,16.7,0.0,16.7,12.5,20.8,8.3,12.5,12.5,
２歳・オープン,中京・芝1200m,    7,21.4,7.1,14.3,7.1,14.3,7.1,21.4,7.1,
３歳・未勝利,中京・芝1200m,   16,15.6,9.4,28.1,6.3,3.1,25.0,6.3,6.3,
３歳・１勝,中京・芝1200m,    6,0.0,0.0,33.3,25.0,8.3,0.0,33.3,0.0,
３歳・オープン,中京・芝1200m,    2,25.0,0.0,25.0,50.0,0.0,0.0,0.0,0.0,
古馬・１勝,中京・芝1200m,   26,9.6,21.2,7.7,13.5,19.2,9.6,5.8,13.5,
古馬・２勝,中京・芝1200m,   23,13.0,15.2,15.2,13.0,21.7,4.3,8.7,8.7,
古馬・３勝,中京・芝1200m,   16,9.4,15.6,15.6,18.8,12.5,6.3,12.5,9.4,
古馬・オープン,中京・芝1200m,   22,18.2,15.9,6.8,9.1,9.1,2.3,15.9,22.7,
２歳・新馬,中京・芝1400m,   25,8.0,14.0,12.0,10.0,10.0,16.0,20.0,10.0,
２歳・未勝利,中京・芝1400m,   23,6.5,10.9,10.9,15.2,17.4,19.6,8.7,10.9,
２歳・１勝,中京・芝1400m,    6,16.7,8.3,0.0,25.0,16.7,16.7,16.7,0.0,
２歳・オープン,中京・芝1400m,    5,10.0,20.0,10.0,20.0,30.0,0.0,10.0,0.0,
３歳・未勝利,中京・芝1400m,   30,8.3,8.3,18.3,16.7,13.3,8.3,16.7,10.0,
３歳・オープン,中京・芝1400m,   12,16.7,16.7,16.7,8.3,8.3,8.3,8.3,16.7,
古馬・１勝,中京・芝1400m,   38,13.2,10.5,21.1,7.9,10.5,6.6,17.1,13.2,
古馬・２勝,中京・芝1400m,   31,9.7,8.1,12.9,19.4,17.7,11.3,11.3,9.7,
古馬・３勝,中京・芝1400m,   16,6.3,9.4,15.6,12.5,12.5,9.4,15.6,18.8,
古馬・オープン,中京・芝1400m,    3,16.7,0.0,16.7,0.0,16.7,0.0,0.0,50.0,
２歳・新馬,中京・芝1600m,   26,5.8,17.3,7.7,11.5,11.5,21.2,5.8,19.2,
２歳・未勝利,中京・芝1600m,   33,7.6,10.6,15.2,13.6,13.6,16.7,12.1,10.6,
２歳・１勝,中京・芝1600m,    6,8.3,16.7,0.0,8.3,16.7,16.7,16.7,16.7,
２歳・オープン,中京・芝1600m,    1,50.0,0.0,0.0,50.0,0.0,0.0,0.0,0.0,
３歳・新馬,中京・芝1600m,   11,18.2,4.5,9.1,13.6,18.2,13.6,13.6,9.1,
３歳・未勝利,中京・芝1600m,   47,16.0,20.2,13.8,9.6,14.9,9.6,7.4,9.6,
３歳・１勝,中京・芝1600m,   14,10.7,7.1,7.1,14.3,10.7,14.3,17.9,17.9,
３歳・オープン,中京・芝1600m,    7,7.1,28.6,7.1,0.0,14.3,14.3,21.4,7.1,
古馬・１勝,中京・芝1600m,   66,12.9,10.6,11.4,10.6,12.9,12.1,12.1,17.4,
古馬・２勝,中京・芝1600m,   27,7.4,13.0,9.3,16.7,14.8,13.0,13.0,13.0,
古馬・３勝,中京・芝1600m,   17,11.8,14.7,17.6,5.9,5.9,17.6,8.8,17.6,
古馬・オープン,中京・芝1600m,   11,13.6,4.5,18.2,18.2,13.6,18.2,4.5,9.1,
２歳・新馬,中京・芝2000m,   31,14.5,11.3,12.9,12.9,16.1,11.3,14.5,8.1,
２歳・未勝利,中京・芝2000m,   37,6.8,20.3,12.2,12.2,16.2,14.9,4.1,13.5,
２歳・オープン,中京・芝2000m,    3,33.3,16.7,16.7,16.7,0.0,16.7,0.0,0.0,
３歳・新馬,中京・芝2000m,   13,0.0,19.2,11.5,19.2,15.4,11.5,7.7,15.4,
３歳・未勝利,中京・芝2000m,   72,14.6,14.6,12.5,11.1,10.4,11.8,11.1,13.9,
３歳・１勝,中京・芝2000m,    6,8.3,16.7,8.3,0.0,25.0,8.3,16.7,16.7,
３歳・オープン,中京・芝2000m,   13,11.5,19.2,11.5,7.7,15.4,11.5,11.5,11.5,
古馬・１勝,中京・芝2000m,   73,13.0,15.1,11.0,11.0,14.4,11.0,11.6,13.0,
古馬・２勝,中京・芝2000m,   50,10.0,11.0,9.0,15.0,11.0,12.0,11.0,21.0,
古馬・３勝,中京・芝2000m,   16,12.5,9.4,6.3,3.1,12.5,15.6,18.8,21.9,
古馬・オープン,中京・芝2000m,   24,12.5,10.4,8.3,14.6,8.3,18.8,14.6,12.5,
３歳・未勝利,中京・芝2200m,   36,15.3,11.1,5.6,16.7,16.7,9.7,8.3,16.7,
３歳・１勝,中京・芝2200m,   10,10.0,10.0,10.0,5.0,30.0,10.0,15.0,10.0,
３歳・オープン,中京・芝2200m,    6,16.7,0.0,16.7,16.7,8.3,0.0,8.3,33.3,
古馬・１勝,中京・芝2200m,   45,8.9,13.3,13.3,12.2,11.1,18.9,12.2,10.0,
古馬・２勝,中京・芝2200m,   29,6.9,13.8,10.3,19.0,15.5,10.3,12.1,12.1,
古馬・３勝,中京・芝2200m,    9,16.7,16.7,16.7,5.6,5.6,16.7,5.6,16.7,
古馬・オープン,中京・芝2200m,    4,0.0,25.0,12.5,12.5,12.5,12.5,25.0,0.0,
古馬・オープン,中京・芝3000m,    4,12.5,25.0,12.5,0.0,0.0,12.5,12.5,25.0,
２歳・新馬,中京・ダ1200m,    4,12.5,12.5,25.0,0.0,0.0,0.0,0.0,50.0,
２歳・未勝利,中京・ダ1200m,   21,4.8,19.0,14.3,4.8,11.9,11.9,21.4,11.9,
３歳・新馬,中京・ダ1200m,    7,7.1,14.3,14.3,21.4,7.1,21.4,0.0,14.3,
３歳・未勝利,中京・ダ1200m,   80,13.1,13.1,11.3,19.4,10.0,11.9,5.6,15.6,
３歳・１勝,中京・ダ1200m,    9,11.1,11.1,0.0,5.6,16.7,33.3,11.1,11.1,
古馬・１勝,中京・ダ1200m,  100,12.5,12.5,11.0,10.5,16.5,15.0,12.0,10.5,
古馬・２勝,中京・ダ1200m,   40,13.8,10.0,7.5,17.5,8.8,10.0,16.3,16.3,
古馬・３勝,中京・ダ1200m,   10,10.0,25.0,15.0,15.0,10.0,20.0,5.0,0.0,
古馬・オープン,中京・ダ1200m,    2,25.0,25.0,25.0,0.0,0.0,25.0,0.0,0.0,
２歳・新馬,中京・ダ1400m,   19,13.2,7.9,10.5,13.2,10.5,10.5,15.8,18.4,
２歳・未勝利,中京・ダ1400m,   31,4.8,11.3,8.1,9.7,11.3,22.6,11.3,21.0,
２歳・１勝,中京・ダ1400m,   10,20.0,10.0,15.0,10.0,15.0,10.0,10.0,10.0,
３歳・新馬,中京・ダ1400m,    8,6.3,0.0,18.8,0.0,12.5,18.8,25.0,18.8,
３歳・未勝利,中京・ダ1400m,   91,8.2,13.7,15.9,13.7,11.5,9.3,14.3,13.2,
３歳・１勝,中京・ダ1400m,   12,0.0,4.2,8.3,4.2,16.7,29.2,25.0,12.5,
３歳・オープン,中京・ダ1400m,    6,0.0,8.3,25.0,8.3,16.7,8.3,16.7,16.7,
古馬・１勝,中京・ダ1400m,  118,10.2,13.6,11.9,8.1,11.4,16.5,15.3,13.1,
古馬・２勝,中京・ダ1400m,   42,9.5,13.1,6.0,15.5,17.9,8.3,9.5,20.2,
古馬・３勝,中京・ダ1400m,   23,6.5,8.7,17.4,15.2,15.2,15.2,13.0,8.7,
古馬・オープン,中京・ダ1400m,   19,13.2,18.4,5.3,18.4,7.9,18.4,10.5,7.9,
２歳・新馬,中京・ダ1800m,   20,15.0,7.5,12.5,10.0,15.0,15.0,12.5,12.5,
２歳・未勝利,中京・ダ1800m,   51,10.8,10.8,11.8,6.9,12.7,11.8,16.7,18.6,
３歳・新馬,中京・ダ1800m,   17,14.7,11.8,11.8,11.8,17.6,5.9,8.8,17.6,
３歳・未勝利,中京・ダ1800m,  139,8.6,12.2,8.6,12.6,14.7,15.1,12.2,15.8,
３歳・１勝,中京・ダ1800m,   23,13.0,10.9,10.9,8.7,19.6,13.0,8.7,15.2,
３歳・オープン,中京・ダ1800m,    2,0.0,0.0,0.0,25.0,0.0,25.0,25.0,25.0,
古馬・１勝,中京・ダ1800m,  172,8.7,9.6,11.0,12.8,12.2,16.0,16.0,14.0,
古馬・２勝,中京・ダ1800m,   63,11.1,11.9,9.5,11.1,14.3,15.9,11.1,15.9,
古馬・３勝,中京・ダ1800m,   23,8.7,17.4,13.0,10.9,13.0,13.0,10.9,13.0,
古馬・オープン,中京・ダ1800m,   20,15.0,5.0,12.5,12.5,12.5,17.5,15.0,10.0,
３歳・未勝利,中京・ダ1900m,   58,8.6,9.5,12.9,13.8,13.8,12.9,14.7,13.8,
３歳・１勝,中京・ダ1900m,    1,0.0,50.0,0.0,0.0,0.0,0.0,0.0,50.0,
古馬・１勝,中京・ダ1900m,   64,8.6,10.9,8.6,7.0,14.1,17.2,15.6,18.0,
古馬・２勝,中京・ダ1900m,   25,18.0,12.0,8.0,10.0,8.0,20.0,16.0,8.0,
古馬・３勝,中京・ダ1900m,   16,3.1,21.9,9.4,12.5,25.0,3.1,12.5,12.5,
古馬・オープン,中京・ダ1900m,    9,16.7,16.7,11.1,22.2,5.6,5.6,5.6,16.7,
２歳・新馬,京都・芝1200m,    9,5.6,0.0,5.6,5.6,16.7,5.6,33.3,27.8,
２歳・未勝利,京都・芝1200m,   10,5.0,0.0,25.0,10.0,10.0,5.0,30.0,15.0,
２歳・１勝,京都・芝1200m,    1,50.0,0.0,0.0,0.0,50.0,0.0,0.0,0.0,
３歳・未勝利,京都・芝1200m,    8,12.5,12.5,6.3,6.3,12.5,18.8,31.3,0.0,
３歳・１勝,京都・芝1200m,    6,8.3,33.3,8.3,8.3,8.3,25.0,0.0,8.3,
３歳・オープン,京都・芝1200m,    5,10.0,20.0,10.0,10.0,0.0,10.0,20.0,20.0,
古馬・１勝,京都・芝1200m,    7,21.4,21.4,0.0,14.3,7.1,14.3,14.3,7.1,
古馬・２勝,京都・芝1200m,   19,7.9,5.3,15.8,13.2,10.5,15.8,18.4,13.2,
古馬・３勝,京都・芝1200m,   10,15.0,10.0,0.0,15.0,5.0,20.0,20.0,15.0,
古馬・オープン,京都・芝1200m,   17,11.8,8.8,5.9,8.8,8.8,20.6,26.5,8.8,
２歳・新馬,京都・芝1400m,   16,6.3,3.1,18.8,15.6,18.8,12.5,15.6,9.4,
２歳・未勝利,京都・芝1400m,   13,3.8,7.7,23.1,19.2,3.8,7.7,15.4,19.2,
２歳・１勝,京都・芝1400m,    8,25.0,12.5,12.5,12.5,12.5,6.3,6.3,12.5,
２歳・オープン,京都・芝1400m,    7,7.1,21.4,14.3,14.3,7.1,21.4,14.3,0.0,
３歳・未勝利,京都・芝1400m,   17,26.5,11.8,14.7,2.9,17.6,0.0,17.6,8.8,
３歳・１勝,京都・芝1400m,    6,16.7,25.0,0.0,8.3,8.3,8.3,16.7,16.7,
３歳・オープン,京都・芝1400m,    6,8.3,8.3,8.3,0.0,16.7,16.7,8.3,33.3,
古馬・１勝,京都・芝1400m,   16,9.4,12.5,6.3,12.5,12.5,15.6,15.6,15.6,
古馬・２勝,京都・芝1400m,   25,4.0,14.0,10.0,14.0,14.0,18.0,16.0,12.0,
古馬・３勝,京都・芝1400m,   16,9.4,3.1,18.8,18.8,12.5,9.4,12.5,15.6,
古馬・オープン,京都・芝1400m,   12,0.0,20.8,8.3,8.3,4.2,12.5,20.8,25.0,
２歳・新馬,京都・芝1600m,   28,7.1,8.9,10.7,14.3,7.1,17.9,14.3,19.6,
２歳・未勝利,京都・芝1600m,   27,13.0,5.6,7.4,11.1,18.5,13.0,13.0,18.5,
２歳・１勝,京都・芝1600m,    2,25.0,0.0,25.0,0.0,0.0,25.0,0.0,25.0,
２歳・オープン,京都・芝1600m,    5,20.0,20.0,0.0,0.0,10.0,30.0,10.0,10.0,
３歳・新馬,京都・芝1600m,    7,0.0,7.1,21.4,14.3,0.0,7.1,21.4,28.6,
３歳・未勝利,京都・芝1600m,   42,7.1,7.1,11.9,17.9,11.9,13.1,13.1,17.9,
３歳・１勝,京都・芝1600m,   15,6.7,13.3,13.3,13.3,23.3,6.7,13.3,10.0,
３歳・オープン,京都・芝1600m,    5,10.0,20.0,10.0,0.0,10.0,30.0,20.0,0.0,
古馬・１勝,京都・芝1600m,   22,11.4,9.1,4.5,18.2,13.6,11.4,11.4,20.5,
古馬・２勝,京都・芝1600m,   27,7.4,13.0,5.6,22.2,16.7,3.7,11.1,20.4,
古馬・３勝,京都・芝1600m,   17,8.8,11.8,0.0,23.5,17.6,17.6,8.8,11.8,
古馬・オープン,京都・芝1600m,   15,13.3,6.7,13.3,6.7,6.7,10.0,16.7,26.7,
２歳・新馬,京都・芝1800m,   22,6.8,4.5,13.6,11.4,13.6,11.4,20.5,18.2,
２歳・未勝利,京都・芝1800m,   22,6.8,6.8,13.6,15.9,15.9,13.6,13.6,13.6,
２歳・１勝,京都・芝1800m,    2,0.0,0.0,25.0,25.0,25.0,25.0,0.0,0.0,
２歳・オープン,京都・芝1800m,    4,12.5,25.0,12.5,0.0,37.5,12.5,0.0,0.0,
３歳・新馬,京都・芝1800m,    5,0.0,30.0,20.0,0.0,10.0,10.0,0.0,30.0,
３歳・未勝利,京都・芝1800m,   34,5.9,13.2,5.9,11.8,7.4,13.2,19.1,23.5,
３歳・１勝,京都・芝1800m,    7,21.4,7.1,7.1,14.3,28.6,7.1,7.1,7.1,
３歳・オープン,京都・芝1800m,    7,7.1,14.3,14.3,0.0,0.0,7.1,28.6,28.6,
古馬・１勝,京都・芝1800m,   24,20.8,6.3,12.5,6.3,20.8,4.2,10.4,18.8,
古馬・２勝,京都・芝1800m,   23,8.7,19.6,13.0,17.4,10.9,8.7,13.0,8.7,
古馬・３勝,京都・芝1800m,    9,11.1,5.6,16.7,5.6,5.6,16.7,22.2,16.7,
古馬・オープン,京都・芝1800m,    8,6.3,6.3,6.3,18.8,18.8,12.5,18.8,12.5,
２歳・新馬,京都・芝2000m,   21,4.8,9.5,9.5,11.9,11.9,21.4,9.5,21.4,
２歳・未勝利,京都・芝2000m,   25,14.0,10.0,18.0,14.0,6.0,14.0,22.0,2.0,
２歳・１勝,京都・芝2000m,    6,8.3,25.0,0.0,33.3,16.7,0.0,16.7,0.0,
２歳・オープン,京都・芝2000m,    3,0.0,0.0,16.7,33.3,0.0,16.7,16.7,16.7,
３歳・新馬,京都・芝2000m,    4,0.0,25.0,12.5,25.0,12.5,0.0,25.0,0.0,
３歳・未勝利,京都・芝2000m,   35,4.3,8.6,14.3,12.9,14.3,10.0,22.9,12.9,
３歳・１勝,京都・芝2000m,    6,0.0,16.7,16.7,16.7,16.7,0.0,16.7,16.7,
３歳・オープン,京都・芝2000m,    6,8.3,0.0,16.7,16.7,16.7,33.3,8.3,0.0,
古馬・１勝,京都・芝2000m,   17,14.7,8.8,11.8,11.8,11.8,0.0,17.6,23.5,
古馬・２勝,京都・芝2000m,   26,15.4,9.6,7.7,15.4,11.5,3.8,15.4,21.2,
古馬・３勝,京都・芝2000m,   13,11.5,3.8,7.7,15.4,23.1,15.4,0.0,23.1,
古馬・オープン,京都・芝2000m,    6,16.7,8.3,8.3,8.3,16.7,8.3,8.3,25.0,
３歳・未勝利,京都・芝2200m,   15,13.3,13.3,20.0,3.3,3.3,13.3,13.3,20.0,
３歳・１勝,京都・芝2200m,    4,0.0,0.0,12.5,25.0,0.0,12.5,12.5,37.5,
３歳・オープン,京都・芝2200m,    4,12.5,0.0,12.5,0.0,37.5,12.5,25.0,0.0,
古馬・１勝,京都・芝2200m,   11,22.7,4.5,13.6,4.5,13.6,9.1,13.6,18.2,
古馬・２勝,京都・芝2200m,   13,3.8,11.5,15.4,11.5,26.9,7.7,3.8,19.2,
古馬・３勝,京都・芝2200m,    5,0.0,10.0,10.0,0.0,30.0,30.0,20.0,0.0,
古馬・オープン,京都・芝2200m,    7,28.6,7.1,14.3,7.1,7.1,14.3,7.1,14.3,
３歳・未勝利,京都・芝2400m,   12,8.3,8.3,8.3,12.5,12.5,12.5,16.7,20.8,
３歳・１勝,京都・芝2400m,    2,0.0,0.0,0.0,0.0,25.0,0.0,50.0,25.0,
古馬・１勝,京都・芝2400m,   13,15.4,19.2,7.7,15.4,7.7,15.4,15.4,3.8,
古馬・２勝,京都・芝2400m,   16,9.4,12.5,6.3,18.8,9.4,18.8,9.4,15.6,
古馬・３勝,京都・芝2400m,    8,12.5,18.8,12.5,6.3,18.8,6.3,25.0,0.0,
古馬・オープン,京都・芝2400m,    6,8.3,8.3,16.7,25.0,16.7,8.3,8.3,8.3,
３歳・オープン,京都・芝3000m,    4,0.0,12.5,0.0,12.5,25.0,0.0,25.0,25.0,
古馬・３勝,京都・芝3000m,    3,0.0,16.7,0.0,16.7,0.0,0.0,16.7,50.0,
古馬・オープン,京都・芝3000m,    2,0.0,0.0,25.0,25.0,0.0,0.0,0.0,50.0,
古馬・オープン,京都・芝3200m,    4,12.5,0.0,12.5,37.5,0.0,0.0,12.5,25.0,
２歳・新馬,京都・ダ1200m,   10,5.0,0.0,15.0,5.0,15.0,20.0,20.0,20.0,
２歳・未勝利,京都・ダ1200m,   24,8.3,8.3,6.3,16.7,10.4,16.7,12.5,20.8,
２歳・１勝,京都・ダ1200m,    1,0.0,0.0,0.0,50.0,0.0,0.0,0.0,50.0,
３歳・新馬,京都・ダ1200m,    6,8.3,16.7,25.0,16.7,8.3,0.0,8.3,16.7,
３歳・未勝利,京都・ダ1200m,   54,15.7,7.4,9.3,7.4,9.3,15.7,14.8,20.4,
３歳・１勝,京都・ダ1200m,   10,5.0,20.0,5.0,10.0,10.0,10.0,30.0,10.0,
古馬・１勝,京都・ダ1200m,   40,11.3,11.3,5.0,12.5,10.0,15.0,18.8,16.3,
古馬・２勝,京都・ダ1200m,   38,11.8,10.5,13.2,5.3,9.2,15.8,23.7,10.5,
古馬・３勝,京都・ダ1200m,   18,8.3,19.4,2.8,8.3,8.3,19.4,11.1,22.2,
古馬・オープン,京都・ダ1200m,   18,5.6,5.6,16.7,11.1,16.7,8.3,19.4,16.7,
２歳・新馬,京都・ダ1400m,   19,7.9,10.5,10.5,10.5,13.2,28.9,15.8,2.6,
２歳・未勝利,京都・ダ1400m,   35,11.4,7.1,5.7,14.3,18.6,14.3,8.6,20.0,
２歳・１勝,京都・ダ1400m,    4,12.5,0.0,12.5,25.0,0.0,25.0,0.0,25.0,
３歳・新馬,京都・ダ1400m,    8,0.0,12.5,6.3,6.3,12.5,6.3,43.8,12.5,
３歳・未勝利,京都・ダ1400m,   57,10.5,13.2,11.4,14.0,11.4,12.3,13.2,14.0,
３歳・１勝,京都・ダ1400m,   21,9.5,16.7,7.1,16.7,7.1,11.9,16.7,14.3,
３歳・オープン,京都・ダ1400m,    2,0.0,0.0,25.0,25.0,0.0,0.0,25.0,25.0,
古馬・１勝,京都・ダ1400m,   56,8.9,9.8,8.0,15.2,14.3,14.3,16.1,13.4,
古馬・２勝,京都・ダ1400m,   42,11.9,3.6,11.9,19.0,17.9,7.1,15.5,14.3,
古馬・３勝,京都・ダ1400m,   18,8.3,16.7,11.1,8.3,16.7,16.7,11.1,11.1,
古馬・オープン,京都・ダ1400m,   11,9.1,27.3,9.1,0.0,13.6,9.1,18.2,13.6,
２歳・新馬,京都・ダ1800m,   26,7.7,11.5,9.6,13.5,19.2,9.6,21.2,7.7,
２歳・未勝利,京都・ダ1800m,   54,13.0,6.5,6.5,8.3,14.8,18.5,13.9,18.5,
２歳・１勝,京都・ダ1800m,    4,0.0,25.0,12.5,0.0,25.0,25.0,12.5,0.0,
３歳・新馬,京都・ダ1800m,   15,10.0,6.7,13.3,13.3,16.7,16.7,10.0,13.3,
３歳・未勝利,京都・ダ1800m,  103,8.3,12.6,12.1,10.2,11.2,13.6,15.5,16.5,
３歳・１勝,京都・ダ1800m,   26,5.8,15.4,15.4,9.6,15.4,9.6,7.7,21.2,
３歳・オープン,京都・ダ1800m,    4,0.0,0.0,12.5,12.5,12.5,37.5,25.0,0.0,
古馬・１勝,京都・ダ1800m,   92,9.8,8.7,8.2,12.5,15.8,16.8,12.0,16.3,
古馬・２勝,京都・ダ1800m,   64,11.7,10.2,12.5,9.4,13.3,13.3,15.6,14.1,
古馬・３勝,京都・ダ1800m,   25,14.0,10.0,12.0,18.0,14.0,12.0,6.0,14.0,
古馬・オープン,京都・ダ1800m,   15,10.0,3.3,13.3,20.0,10.0,6.7,20.0,16.7,
３歳・未勝利,京都・ダ1900m,   35,11.4,11.4,14.3,14.3,7.1,14.3,11.4,15.7,
３歳・１勝,京都・ダ1900m,    2,25.0,0.0,0.0,0.0,0.0,25.0,50.0,0.0,
３歳・オープン,京都・ダ1900m,    2,0.0,0.0,25.0,25.0,25.0,25.0,0.0,0.0,
古馬・１勝,京都・ダ1900m,   20,10.0,12.5,5.0,7.5,15.0,10.0,20.0,20.0,
古馬・２勝,京都・ダ1900m,   21,4.8,4.8,19.0,19.0,11.9,16.7,16.7,7.1,
古馬・３勝,京都・ダ1900m,   14,7.1,10.7,10.7,17.9,17.9,14.3,10.7,10.7,
古馬・オープン,京都・ダ1900m,   10,15.0,15.0,30.0,10.0,5.0,5.0,10.0,10.0,
２歳・新馬,阪神・芝1200m,    6,8.3,25.0,25.0,0.0,8.3,8.3,8.3,16.7,
２歳・未勝利,阪神・芝1200m,    4,37.5,0.0,0.0,25.0,12.5,0.0,0.0,25.0,
２歳・１勝,阪神・芝1200m,    1,0.0,50.0,0.0,0.0,0.0,50.0,0.0,0.0,
３歳・未勝利,阪神・芝1200m,    2,25.0,25.0,0.0,0.0,0.0,25.0,0.0,25.0,
３歳・１勝,阪神・芝1200m,    2,25.0,0.0,25.0,0.0,0.0,0.0,25.0,25.0,
３歳・オープン,阪神・芝1200m,    2,0.0,0.0,25.0,0.0,25.0,25.0,25.0,0.0,
古馬・１勝,阪神・芝1200m,    3,0.0,33.3,0.0,0.0,16.7,16.7,0.0,33.3,
古馬・２勝,阪神・芝1200m,    7,7.1,7.1,7.1,21.4,14.3,21.4,0.0,21.4,
古馬・３勝,阪神・芝1200m,    2,25.0,0.0,0.0,0.0,0.0,0.0,25.0,50.0,
古馬・オープン,阪神・芝1200m,    3,16.7,16.7,16.7,0.0,33.3,0.0,16.7,0.0,
２歳・新馬,阪神・芝1400m,    8,31.3,6.3,6.3,0.0,12.5,25.0,18.8,0.0,
２歳・未勝利,阪神・芝1400m,    7,7.1,7.1,14.3,28.6,0.0,7.1,21.4,14.3,
２歳・１勝,阪神・芝1400m,    2,50.0,0.0,25.0,0.0,0.0,0.0,0.0,25.0,
２歳・オープン,阪神・芝1400m,    1,0.0,0.0,0.0,0.0,50.0,0.0,50.0,0.0,
３歳・未勝利,阪神・芝1400m,    4,25.0,25.0,12.5,0.0,12.5,12.5,0.0,12.5,
３歳・１勝,阪神・芝1400m,    3,0.0,33.3,0.0,16.7,33.3,16.7,0.0,0.0,
３歳・オープン,阪神・芝1400m,    2,0.0,0.0,50.0,50.0,0.0,0.0,0.0,0.0,
古馬・１勝,阪神・芝1400m,    4,0.0,0.0,0.0,25.0,12.5,12.5,0.0,50.0,
古馬・２勝,阪神・芝1400m,    9,5.6,5.6,5.6,0.0,22.2,22.2,33.3,5.6,
古馬・３勝,阪神・芝1400m,    5,20.0,10.0,10.0,10.0,10.0,10.0,20.0,10.0,
古馬・オープン,阪神・芝1400m,    4,0.0,12.5,37.5,12.5,0.0,0.0,12.5,25.0,
２歳・新馬,阪神・芝1600m,   10,10.0,0.0,25.0,15.0,0.0,20.0,25.0,5.0,
２歳・未勝利,阪神・芝1600m,    8,18.8,6.3,6.3,12.5,6.3,31.3,6.3,12.5,
２歳・１勝,阪神・芝1600m,    1,50.0,0.0,50.0,0.0,0.0,0.0,0.0,0.0,
２歳・オープン,阪神・芝1600m,    3,33.3,16.7,16.7,33.3,0.0,0.0,0.0,0.0,
３歳・未勝利,阪神・芝1600m,   15,13.3,10.0,23.3,6.7,10.0,10.0,10.0,16.7,
３歳・１勝,阪神・芝1600m,    4,0.0,0.0,12.5,0.0,12.5,12.5,50.0,12.5,
３歳・オープン,阪神・芝1600m,    4,25.0,0.0,0.0,0.0,37.5,0.0,12.5,25.0,
古馬・１勝,阪神・芝1600m,    8,6.3,12.5,18.8,12.5,12.5,12.5,18.8,6.3,
古馬・２勝,阪神・芝1600m,   10,10.0,10.0,10.0,5.0,5.0,15.0,30.0,15.0,
古馬・３勝,阪神・芝1600m,    7,14.3,0.0,7.1,14.3,28.6,14.3,14.3,7.1,
古馬・オープン,阪神・芝1600m,    7,7.1,21.4,0.0,7.1,14.3,7.1,28.6,14.3,
２歳・新馬,阪神・芝1800m,    7,14.3,14.3,14.3,0.0,7.1,21.4,7.1,21.4,
２歳・未勝利,阪神・芝1800m,    7,7.1,0.0,14.3,21.4,14.3,21.4,7.1,14.3,
２歳・１勝,阪神・芝1800m,    1,50.0,0.0,50.0,0.0,0.0,0.0,0.0,0.0,
３歳・未勝利,阪神・芝1800m,   11,9.1,36.4,9.1,13.6,4.5,18.2,4.5,4.5,
３歳・１勝,阪神・芝1800m,    4,25.0,12.5,0.0,12.5,0.0,12.5,25.0,12.5,
３歳・オープン,阪神・芝1800m,    1,0.0,50.0,0.0,0.0,0.0,0.0,50.0,0.0,
古馬・１勝,阪神・芝1800m,    8,6.3,25.0,18.8,18.8,6.3,6.3,6.3,12.5,
古馬・２勝,阪神・芝1800m,    7,14.3,14.3,14.3,21.4,7.1,7.1,14.3,7.1,
古馬・３勝,阪神・芝1800m,    4,0.0,0.0,0.0,25.0,12.5,12.5,25.0,25.0,
古馬・オープン,阪神・芝1800m,    2,25.0,25.0,0.0,25.0,0.0,25.0,0.0,0.0,
２歳・新馬,阪神・芝2000m,    5,0.0,20.0,10.0,0.0,0.0,20.0,20.0,30.0,
２歳・未勝利,阪神・芝2000m,    6,8.3,8.3,0.0,0.0,25.0,25.0,25.0,8.3,
２歳・１勝,阪神・芝2000m,    2,0.0,25.0,0.0,25.0,25.0,0.0,25.0,0.0,
２歳・オープン,阪神・芝2000m,    1,0.0,0.0,0.0,0.0,0.0,0.0,50.0,50.0,
３歳・新馬,阪神・芝2000m,    1,0.0,0.0,0.0,0.0,0.0,100.0,0.0,0.0,
３歳・未勝利,阪神・芝2000m,   10,10.0,5.0,20.0,15.0,15.0,15.0,5.0,15.0,
３歳・１勝,阪神・芝2000m,    1,0.0,0.0,0.0,0.0,50.0,0.0,0.0,50.0,
３歳・オープン,阪神・芝2000m,    3,16.7,33.3,0.0,0.0,0.0,16.7,16.7,16.7,
古馬・１勝,阪神・芝2000m,    6,16.7,0.0,16.7,8.3,8.3,33.3,8.3,8.3,
古馬・２勝,阪神・芝2000m,   10,25.0,15.0,10.0,5.0,5.0,10.0,25.0,5.0,
古馬・３勝,阪神・芝2000m,    5,10.0,0.0,20.0,0.0,20.0,20.0,20.0,10.0,
古馬・オープン,阪神・芝2000m,    5,10.0,0.0,10.0,10.0,10.0,20.0,10.0,30.0,
３歳・未勝利,阪神・芝2200m,    5,0.0,20.0,20.0,20.0,10.0,10.0,20.0,0.0,
３歳・オープン,阪神・芝2200m,    2,25.0,0.0,25.0,25.0,0.0,0.0,0.0,25.0,
古馬・１勝,阪神・芝2200m,    3,16.7,16.7,16.7,16.7,16.7,16.7,0.0,0.0,
古馬・２勝,阪神・芝2200m,    3,0.0,16.7,16.7,16.7,16.7,0.0,16.7,16.7,
古馬・３勝,阪神・芝2200m,    2,0.0,25.0,0.0,25.0,25.0,25.0,0.0,0.0,
古馬・オープン,阪神・芝2200m,    3,0.0,16.7,0.0,16.7,0.0,0.0,33.3,33.3,
３歳・未勝利,阪神・芝2400m,    5,20.0,20.0,0.0,10.0,10.0,20.0,0.0,20.0,
３歳・１勝,阪神・芝2400m,    3,0.0,0.0,33.3,16.7,0.0,0.0,50.0,0.0,
古馬・１勝,阪神・芝2400m,    5,10.0,20.0,10.0,20.0,0.0,20.0,0.0,20.0,
古馬・２勝,阪神・芝2400m,    4,12.5,25.0,0.0,12.5,0.0,25.0,12.5,12.5,
古馬・３勝,阪神・芝2400m,    2,25.0,50.0,0.0,0.0,25.0,0.0,0.0,0.0,
３歳・未勝利,阪神・芝2600m,    1,50.0,0.0,0.0,0.0,50.0,0.0,0.0,0.0,
古馬・２勝,阪神・芝2600m,    3,0.0,0.0,16.7,0.0,33.3,16.7,0.0,33.3,
古馬・オープン,阪神・芝3000m,    1,0.0,0.0,0.0,50.0,0.0,0.0,0.0,50.0,
古馬・３勝,阪神・芝3200m,    1,0.0,0.0,50.0,0.0,0.0,0.0,0.0,50.0,
２歳・新馬,阪神・ダ1200m,    5,10.0,10.0,20.0,0.0,10.0,10.0,20.0,20.0,
２歳・未勝利,阪神・ダ1200m,    9,11.1,5.6,11.1,5.6,33.3,16.7,11.1,5.6,
２歳・１勝,阪神・ダ1200m,    1,0.0,0.0,0.0,0.0,0.0,0.0,50.0,50.0,
３歳・新馬,阪神・ダ1200m,    2,50.0,0.0,0.0,0.0,0.0,25.0,0.0,25.0,
３歳・未勝利,阪神・ダ1200m,   28,7.1,8.9,14.3,17.9,12.5,5.4,16.1,17.9,
３歳・１勝,阪神・ダ1200m,    3,0.0,16.7,16.7,0.0,0.0,50.0,0.0,16.7,
古馬・１勝,阪神・ダ1200m,   18,11.1,5.6,8.3,8.3,25.0,13.9,19.4,8.3,
古馬・２勝,阪神・ダ1200m,   14,0.0,7.1,10.7,14.3,25.0,10.7,10.7,21.4,
古馬・３勝,阪神・ダ1200m,    5,0.0,10.0,10.0,40.0,0.0,20.0,20.0,0.0,
古馬・オープン,阪神・ダ1200m,    2,50.0,0.0,0.0,0.0,25.0,0.0,25.0,0.0,
２歳・新馬,阪神・ダ1400m,    4,0.0,0.0,12.5,12.5,50.0,0.0,25.0,0.0,
２歳・未勝利,阪神・ダ1400m,   10,15.0,15.0,5.0,10.0,15.0,20.0,10.0,10.0,
３歳・新馬,阪神・ダ1400m,    2,25.0,0.0,25.0,0.0,0.0,0.0,25.0,25.0,
３歳・未勝利,阪神・ダ1400m,   33,13.6,12.1,15.2,7.6,12.1,10.6,7.6,21.2,
３歳・１勝,阪神・ダ1400m,    7,21.4,14.3,0.0,14.3,7.1,14.3,21.4,7.1,
古馬・１勝,阪神・ダ1400m,   21,2.4,16.7,16.7,19.0,7.1,11.9,14.3,11.9,
古馬・２勝,阪神・ダ1400m,   14,10.7,0.0,7.1,14.3,28.6,7.1,17.9,14.3,
古馬・３勝,阪神・ダ1400m,    7,7.1,14.3,14.3,7.1,14.3,7.1,21.4,14.3,
古馬・オープン,阪神・ダ1400m,    7,0.0,21.4,14.3,7.1,14.3,21.4,0.0,21.4,
２歳・新馬,阪神・ダ1800m,    6,8.3,8.3,8.3,16.7,25.0,8.3,16.7,8.3,
２歳・未勝利,阪神・ダ1800m,   17,5.9,5.9,14.7,8.8,8.8,8.8,20.6,26.5,
２歳・１勝,阪神・ダ1800m,    2,50.0,0.0,0.0,0.0,0.0,0.0,0.0,50.0,
３歳・新馬,阪神・ダ1800m,    5,0.0,20.0,10.0,0.0,30.0,20.0,10.0,10.0,
３歳・未勝利,阪神・ダ1800m,   57,8.8,10.5,12.3,12.3,10.5,16.7,13.2,15.8,
３歳・１勝,阪神・ダ1800m,    8,12.5,0.0,0.0,12.5,18.8,18.8,37.5,0.0,
古馬・１勝,阪神・ダ1800m,   31,4.8,6.5,9.7,16.1,14.5,14.5,17.7,19.4,
古馬・２勝,阪神・ダ1800m,   21,4.8,9.5,9.5,14.3,14.3,14.3,11.9,21.4,
古馬・３勝,阪神・ダ1800m,    9,11.1,11.1,22.2,16.7,0.0,16.7,5.6,16.7,
古馬・オープン,阪神・ダ1800m,    5,0.0,0.0,10.0,10.0,10.0,30.0,30.0,10.0,
３歳・未勝利,阪神・ダ2000m,   10,5.0,20.0,20.0,10.0,10.0,20.0,5.0,10.0,
古馬・１勝,阪神・ダ2000m,    8,0.0,6.3,25.0,12.5,6.3,12.5,18.8,18.8,
古馬・２勝,阪神・ダ2000m,    7,21.4,7.1,14.3,14.3,7.1,28.6,7.1,0.0,
古馬・３勝,阪神・ダ2000m,    4,0.0,12.5,0.0,25.0,12.5,25.0,25.0,0.0,
古馬・オープン,阪神・ダ2000m,    3,0.0,33.3,0.0,0.0,16.7,0.0,33.3,16.7,
芝,, 7918,11.0,10.9,11.5,12.3,13.0,13.1,13.9,14.6,
ダート,, 8170,9.1,10.6,11.3,11.9,13.3,14.5,14.3,15.0,
全体,,16089,10.0,10.7,11.4,12.1,13.2,13.8,14.1,14.8,
