261003,東京,1, 1,未勝利*,ダ,1600,アークレイリ,牡,2,丹内祐次,56.0,尾形和幸,美,伊藤正樹,小野瀬竜馬,オメガパフューム,ポリカ,24105705,1,スマートボーイ,鹿毛,1,-1,0,0,15,   150,     0, 0,   0.0,0,202610030504010101
261003,東京,1, 2,未勝利*,ダ,1600,ディアファザー,牡,2,菊沢一樹,56.0,中川公成,美,山崎康,前田牧場,ディーマジェスティ,アマノブラウニイー,24105058,1,サクラバクシンオー,鹿毛,2,-1,0,0,15,    78,     0, 0,   0.0,0,202610030504010102
261003,東京,1, 3,未勝利*,ダ,1600,サードアイ,牡,2,丸山元気,56.0,蛯名正義,美,広尾レース,ヴェルサイユファーム,マジェスティックウォリアー,ストームハート,24107366,1,Uncaptured,鹿毛,2,-1,0,0,15,     0,     0, 0,   0.0,0,202610030504010103
261003,東京,1, 4,未勝利*,ダ,1600,パレスラン,牡,2,ミシェル,56.0,手塚貴久,美,青芝商事,"Aoshiba Shoji Co. LTD.",Volatile,"Fast Jet Court",24108276,1,Courtier,芦毛,3,-1,0,0,15,    89,     0, 0,   0.0,0,202610030504010104
261003,東京,1, 5,未勝利*,ダ,1600,ワンダーマーベル,牡,2,横山琉人,56.0,斎藤誠,美,山本能成,高昭牧場,エスポワールシチー,ワンダースニュマン,24102598,1,エンパイアメーカー,栗毛,3,-1,0,0,15,   710,   400, 0,   0.0,0,202610030504010105
261003,東京,1, 6,未勝利*,ダ,1600,ホワイトフレアー,牡,2,原優介,56.0,黒岩陽一,美,井内康之,社台ファーム,サリオス,ラブリイユアアイズ,24106066,1,ロゴタイプ,栗毛,4,-1,0,0,15,     0,     0, 0,   0.0,0,202610030504010106
261003,東京,1, 7,未勝利*,ダ,1600,ベアヒロシデス,牡,2,松岡正海,56.0,杉浦宏昭,美,熊木浩,静内白井牧場,デクラレーションオブウォー,ミヤビキラメキ,24104466,1,ハーツクライ,黒鹿,4,-1,0,0,15,     0,     0, 0,   0.0,0,202610030504010107
261003,東京,1, 8,未勝利*,ダ,1600,セイウンガジュマル,牡,2,木幡巧也,56.0,牧光二,美,西山茂行,タツヤファーム,セイウンコウセイ,セイウンメテオ,24105391,1,Acclamation,鹿毛,5,-1,0,0,15,    78,     0, 0,   0.0,0,202610030504010108
261003,東京,1, 9,未勝利*,ダ,1600,ミクニルミナス,牡,2,内田博幸,56.0,田中勝春,美,ミクニ,社台ファーム,ルーラーシップ,ティラミス,24105950,1,ディープインパクト,鹿毛,5,-1,0,0,15,     0,     0, 0,   0.0,0,202610030504010109
261003,東京,1,10,未勝利*,ダ,1600,アオイノリプー,牡,2,田辺裕信,56.0,尾形和幸,美,中谷典生,チャンピオンズファーム,サートゥルナーリア,アオイスカーレット,24100715,1,ディープインパクト,鹿毛,6,-1,0,0,15,   289,     0, 0,   0.0,0,202610030504010110
261003,東京,1,11,未勝利*,ダ,1600,ノアヴェルテ,牡,2,杉原誠人,56.0,中舘英二,美,佐山公男,清水牧場,マテラスカイ,ノアブリジット,24101356,1,サマーバード,栗毛,6,-1,0,0,15,     0,     0, 0,   0.0,0,202610030504010111
261003,東京,1,12,未勝利*,ダ,1600,カウェーカネム,牡,2,長浜鴻緒,55.0,池上昌和,美,H.H.シェイク・ハムダン,ダーレー・ジャパン・ファーム,Cracksman,キャラー,24100646,1,Dubawi,鹿毛,7,-1,0,0,15,     0,     0, 0,   0.0,0,202610030504010112
261003,東京,1,13,未勝利*,ダ,1600,スターフラッシュ,牡,2,ルメール,56.0,木村哲也,美,保坂和孝,"Mulholland Springs LLC",Yaupon,"Shanghai Starlet",24108240,1,"Shanghai Bobby",黒鹿,7,-1,0,0,15,   550,     0, 0,   0.0,0,202610030504010113
261003,東京,1,14,未勝利*,ダ,1600,ヴェットビルズ,牝,2,水沼元輝,52.0,的場均,美,稲葉光昭,松木加代,ステルヴィオ,オーミバンビーナ,24103763,1,ブラックタイド,鹿毛,8,-1,0,0,15,     0,     0, 0,   0.0,0,202610030504010114
261003,東京,1,15,未勝利*,ダ,1600,ヒゲキリ,牡,2,三浦皇成,56.0,加藤士津,美,仲谷光一,ナカハシファーム,コパノリッキー,ヒラボクミラクル,24105462,1,アグネスデジタル,鹿毛,8,-1,0,0,15,   369,     0, 0,   0.0,0,202610030504010115
261003,東京,2, 1,未勝利*,芝,2000,セイウンオオゾラ,牡,2,大野拓弥,56.0,小手川準,美,西山茂行,村上欽哉牧場,ゴールドシップ,サトノジャスミン,24103837,1,Wilburn,鹿毛,1,-1,0,0,11,     0,     0, 0,   0.0,0,202610030504010201
261003,東京,2, 2,未勝利*,芝,2000,ラルコ,牝,2,田辺裕信,55.0,中舘英二,美,ローレルレーシング,新冠橋本牧場,ルーラーシップ,ナスカ,24103406,1,サンデーサイレンス,鹿毛,2,-1,0,0,11,   209,     0, 0,   0.0,0,202610030504010202
261003,東京,2, 3,未勝利*,芝,2000,ゼノスフィア,牡,2,津村明秀,56.0,林徹,美,社台レースホース,社台ファーム,ブリックスアンドモルタル,テラノヴァ,24105951,1,ヴィクトワールピサ,青鹿,3,-1,0,0,11,    78,     0, 0,   0.0,0,202610030504010203
261003,東京,2, 4,未勝利*,芝,2000,インテルラゴス,牝,2,ルメール,55.0,奥村武,美,吉田勝己,ノーザンファーム,インディチャンプ,ダンサール,24106448,1,ハーツクライ,黒鹿,4,-1,0,0,11,   590,   400, 0,   0.0,0,202610030504010204
261003,東京,2, 5,未勝利*,芝,2000,トパーズプレミア,牡,2,菊沢一樹,56.0,伊藤大士,美,竹田寿,隆栄牧場,ワールドプレミア,ドゥシャンパーニュ,24103191,1,ロードカナロア,青鹿,5,-1,0,0,11,    78,     0, 0,   0.0,0,202610030504010205
261003,東京,2, 6,未勝利*,芝,2000,ロゼプレミア,牡,2,横山和生,56.0,東田明士,栗,大塚亮一,隆栄牧場,ワールドプレミア,ロゼシャンパーニュ,24103201,1,ゼンノロブロイ,黒鹿,6,-1,0,0,11,   550,     0, 0,   0.0,0,202610030504010206
261003,東京,2, 7,未勝利*,芝,2000,スカイミラー,牡,2,木幡巧也,56.0,和田正一,美,スピードファーム,スピードフアーム,ワールドプレミア,アイリッシュハート,24103169,1,ハーツクライ,鹿毛,6,-1,0,0,11,     0,     0, 0,   0.0,0,202610030504010207
261003,東京,2, 8,未勝利*,芝,2000,シアルナーレ,牡,2,戸崎圭太,56.0,田中博康,美,"Blooming Racing",社台ファーム,コントレイル,ストロベリームーン,24105911,1,キンシャサノキセキ,青鹿,7,-1,0,0,11,   539,     0, 0,   0.0,0,202610030504010208
261003,東京,2, 9,未勝利*,芝,2000,ウカテンセイ,牝,2,石神深道,53.0,佐藤吉勝,美,スピードファーム,スピードフアーム,リオンリオン,ファインロマンス,24103179,1,ゴールドアリュール,鹿毛,7,-1,0,0,11,     0,     0, 0,   0.0,0,202610030504010209
261003,東京,2,10,未勝利*,芝,2000,ウイニングレイ,牝,2,松岡正海,55.0,戸田博文,美,吉田照哉,社台ファーム,ウインブライト,シャーラレイ,24105882,1,"Afleet Alex",鹿毛,8,-1,0,0,11,   300,     0, 0,   0.0,0,202610030504010210
261003,東京,2,11,未勝利*,芝,2000,スターマイン,牝,2,岩田康誠,55.0,大竹正博,美,飯田正剛,千代田牧場,ダノンスマッシュ,スマイルスター,24104692,1,ゼンノロブロイ,鹿毛,8,-1,0,0,11,   209,     0, 0,   0.0,0,202610030504010211
261003,東京,3, 1,新馬,芝,1400,リアシュアー,牝,2,黛弘人,55.0,清水英克,美,コスモヴューファーム,コスモヴューファーム,ウインブライト,リゲイン,24103079,1,ショウナンカンプ,芦毛,1,-1,0,0,18,   200,     0, 0,   0.0,0,202610030504010301
261003,東京,3, 2,新馬,芝,1400,ソードオブステート,牡,2,田辺裕信,56.0,堀宣行,美,G1レーシング,追分ファーム,モーリス,レジーナドーロ,24106945,1,キングカメハメハ,鹿毛,1,-1,0,0,18,   780,   400, 0,   0.0,0,202610030504010302
261003,東京,3, 3,新馬,芝,1400,アオイレイラ,牝,2,石神深道,53.0,高橋文雅,美,鈴木照雄,ノーザンファーム,スワーヴリチャード,デミ,24106475,1,ロードカナロア,鹿毛,2,-1,0,0,18,     0,     0, 0,   0.0,0,202610030504010303
261003,東京,3, 4,新馬,芝,1400,ニシノナイトライト,牝,2,野中悠太,55.0,和田勇介,美,西山茂行,前田ファーム,イスラボニータ,キングアンドクイン,24105564,1,キングカメハメハ,鹿毛,2,-1,0,0,18,     0,     0, 0,   0.0,0,202610030504010304
261003,東京,3, 5,新馬,芝,1400,ローズガーデン,牝,2,菊沢一樹,55.0,竹内正洋,美,池田草龍,上井農場,デクラレーションオブウォー,ディレット,24103004,1,リーチザクラウン,鹿毛,3,-1,0,0,18,     0,     0, 0,   0.0,0,202610030504010305
261003,東京,3, 6,新馬,芝,1400,アラネア,牡,2,武藤雅,56.0,武藤善則,美,落合幸弘,下河辺牧場,レイデオロ,オパールシャルム,24100416,1,ダイワメジャー,栗毛,3,-1,0,0,18,     0,     0, 0,   0.0,0,202610030504010306
261003,東京,3, 7,新馬,芝,1400,タンタフェリチア,牝,2,横山和生,55.0,手塚貴徳,美,ローレルレーシング,杵臼牧場,エフフォーリア,レッドミモザ,24101733,1,キンシャサノキセキ,鹿毛,4,-1,0,0,18,   310,     0, 0,   0.0,0,202610030504010307
261003,東京,3, 8,新馬,芝,1400,ポッドコーディア,牡,2,佐々木大,56.0,上原佑紀,美,小川眞査雄,社台ファーム,コントレイル,ターフドンナ,24105931,1,Doyen,青鹿,4,-1,0,0,18,   120,     0, 0,   0.0,0,202610030504010308
261003,東京,3, 9,新馬,芝,1400,クロマメ,牡,2,菅原隆一,56.0,小手川準,美,鳴田啓志,岡田スタツド,ウインブライト,プラチナテーラー,24104165,1,ジャングルポケット,黒鹿,5,-1,0,0,18,     0,     0, 0,   0.0,0,202610030504010309
261003,東京,3,10,新馬,芝,1400,イレブンローズ,牝,2,横山武史,55.0,栗田徹,美,ノースヒルズ,"RJB Bloodstock","Uncle Mo","A Bit Special",24108216,1,Mukhadram,鹿毛,5,-1,0,0,18,     0,     0, 0,   0.0,0,202610030504010310
261003,東京,3,11,新馬,芝,1400,アルティマノヴァ,牝,2,三浦皇成,55.0,嘉藤貴行,美,ライオンレースホース,社台ファーム,ジャンダルム,アルティマリガーレ,24105737,1,ハービンジャー,鹿毛,6,-1,0,0,18,     0,     0, 0,   0.0,0,202610030504010311
261003,東京,3,12,新馬,芝,1400,マデイラシトリン,牝,2,ルメール,55.0,田中勝春,美,サンデーレーシング,ノーザンファーム,スワーヴリチャード,ミーアシャム,24106643,1,キンシャサノキセキ,栗毛,6,-1,0,0,18,     0,     0, 0,   0.0,0,202610030504010312
261003,東京,3,13,新馬,芝,1400,サニーガッサン,牡,2,丸山元気,56.0,田島俊明,美,西村專次,ヒカル牧場,ミスターメロディ,オウシュウホマレ,24103546,1,アイルハヴアナザー,黒鹿,7,-1,0,0,18,     0,     0, 0,   0.0,0,202610030504010313
261003,東京,3,14,新馬,芝,1400,ウインドピット,牡,2,丹内祐次,56.0,尾形和幸,美,福原正博,岡田スタツド,リオンディーズ,ラステラ,24107233,1,サツカーボーイ,黒鹿,7,-1,0,0,18,     0,     0, 0,   0.0,0,202610030504010314
261003,東京,3,15,新馬,芝,1400,サツキマンボ,牝,2,石田拓郎,53.0,天間昭一,美,小野博郷,バンブー牧場,ロジャーバローズ,キューバンリズム2,24102744,1,Kingmambo,鹿毛,7,-1,0,0,18,     0,     0, 0,   0.0,0,202610030504010315
261003,東京,3,16,新馬,芝,1400,トモジャシャカ,牡,2,小林美駒,54.0,鈴木伸尋,美,吉冨学,畠山牧場,レイデオロ,トモジャプリマ,24104838,1,ブラックタイド,黒鹿,8,-1,0,0,18,    78,     0, 0,   0.0,0,202610030504010316
261003,東京,3,17,新馬,芝,1400,バサーニオ,牡,2,石橋脩,56.0,勢司和浩,美,木村廣太,本桐村田牧場,ディスクリートキャット,ネリッサ,24105544,1,タートルボウル,黒鹿,8,-1,0,0,18,     0,     0, 0,   0.0,0,202610030504010317
261003,東京,3,18,新馬,芝,1400,フライングビー,牡,2,津村明秀,56.0,池上昌和,美,石川秀守,サカイファーム,ダノンレジェンド,アドリアーネ,24104383,1,アグネスデジタル,鹿毛,8,-1,0,0,18,     0,     0, 0,   0.0,0,202610030504010318
261003,東京,4, 1,障害・オープ,ダ,3100,ゴールドブリーズ,牡,8,水沼元輝,57.0,深山雅史,美,居城寿与,北勝ファーム,トゥザワールド,ゴールドジャパン,18102196,1,スターリングローズ,鹿毛,1,-1,0,0,12,  6027,   400, 0,   0.0,0,202610030504010401
261003,東京,4, 2,障害・オープ,ダ,3100,メイショウソウセキ,牡,4,難波剛健,60.0,松永幹夫,栗,松本好隆,三嶋牧場,マジェスティックウォリアー,メイショウコブシ,22103255,1,スペシャルウィーク,鹿毛,2,-1,0,0,12,  2814,   400, 0,   0.0,0,202610030504010402
261003,東京,4, 3,障害・オープ,ダ,3100,ブライトマン,セ,5,大江原圭,60.0,蛯名正義,美,前田幸貴,社台ファーム,キズナ,キトゥンズダンプリングス,21105007,1,"Kitten's Joy",黒鹿,3,-1,0,0,12,  3162,  1000, 0,   0.0,0,202610030504010403
261003,東京,4, 4,障害・オープ,ダ,3100,エーオーキング,牡,4,草野太郎,60.0,久保田貴,美,ネクストトライ,杵臼牧場,リアルスティール,テイコフトウショウ,22102738,1,タイキシャトル,鹿毛,4,-1,0,0,12,  3050,   400, 0,   0.0,0,202610030504010404
261003,東京,4, 5,障害・オープ,ダ,3100,グラニットピーク,セ,6,坂口智康,58.0,田島俊明,美,シルクレーシング,ノーザンファーム,ダイワメジャー,トレジャーステイト,20103507,1,"Oasis Dream",栗毛,5,-1,0,0,12,  1336,   400, 0,   0.0,0,202610030504010405
261003,東京,4, 6,障害・オープ,ダ,3100,トーアマリシテン,セ,5,土田真翔,57.0,小島茂之,美,高山ランド,トーア牧場,ビーチパトロール,トーアヒミコ,21105335,1,クロフネ,鹿毛,5,-1,0,0,12,  2247,   400, 0,   0.0,0,202610030504010406
261003,東京,4, 7,障害・オープ,ダ,3100,ブラックバラード,セ,5,伴啓太,60.0,嘉藤貴行,美,嶋田一成,三嶋牧場,ダノンバラード,メイショウグレア,21103267,1,ジャングルポケット,鹿毛,6,-1,0,0,12,  3250,   400, 0,   0.0,0,202610030504010407
261003,東京,4, 8,障害・オープ,ダ,3100,セイウンパシュート,セ,6,五十嵐雄,60.0,上原博之,美,西山茂行,田上徹,ハーツクライ,シーソルティキッス,20100233,1,キングカメハメハ,黒鹿,6,-1,0,0,12,  6480,   400, 0,   0.0,0,202610030504010408
261003,東京,4, 9,障害・オープ,ダ,3100,サトノエピック,牡,5,上野翔,60.0,奥村武,美,里見治,社台ファーム,キタサンブラック,ランドオーバーシー,21105271,1,"Bellamy Road",鹿毛,7,-1,0,0,12,  4963,   400, 0,   0.0,0,202610030504010409
261003,東京,4,10,障害・オープ,ダ,3100,ベイビーベリッシモ,牡,4,小林凌大,57.0,大和田成,美,熊澤亮輔,杵臼牧場,ロゴタイプ,カルテブランシェ,22102728,1,ゴールドアリュール,鹿毛,7,-1,0,0,12,  1473,   400, 0,   0.0,0,202610030504010410
261003,東京,4,11,障害・オープ,ダ,3100,ハイウェイスター,牝,5,中村将之,58.0,宮本博,栗,ノースヒルズ,ノースヒルズ,アメリカンペイトリオット,キエレ,21106621,1,"Distorted Humor",鹿毛,8,-1,0,0,12,  4770,   400, 0,   0.0,0,202610030504010411
261003,東京,4,12,障害・オープ,ダ,3100,ロードオールライト,牡,5,小牧加矢,60.0,中内田充,栗,ロードホースクラブ,ケイアイファーム,ハーツクライ,スピニングワイルドキャット,21100148,1,"Hard Spun",黒鹿,8,-1,0,0,12,  4133,   400, 0,   0.0,0,202610030504010412
261003,東京,5, 1,新馬,芝,1800,センチュリースカイ,牡,2,丹内祐次,56.0,小栗実,栗,中水英紀,"Three Times A Charm & Chesapeake Farm","Golden Pal",Nefferkitty,24108375,1,"Kitten's Joy",鹿毛,1,-1,0,0,11,   200,     0, 0,   0.0,0,202610030504010501
261003,東京,5, 2,新馬,芝,1800,ロードディグニティ,牡,2,戸崎圭太,56.0,藤原英昭,栗,ロードホースクラブ,ケイアイファーム,キズナ,シグナライズ,24105288,1,Frankel,鹿毛,2,-1,0,0,11,     0,     0, 0,   0.0,0,202610030504010502
261003,東京,5, 3,新馬,芝,1800,ヴァルカモニカ,牝,2,ルメール,55.0,宮田敬介,美,サンデーレーシング,ノーザンファーム,エピファネイア,リナーテ,24106694,1,ステイゴールド,黒鹿,3,-1,0,0,11,   780,   400, 0,   0.0,0,202610030504010503
261003,東京,5, 4,新馬,芝,1800,ビタークレス,牡,2,木幡巧也,56.0,秋本大介,美,中村祐子,宮内牧場,ダノンプレミアム,パノラマウェイ,24102346,1,ロードカナロア,黒鹿,4,-1,0,0,11,     0,     0, 0,   0.0,0,202610030504010504
261003,東京,5, 5,新馬,芝,1800,スキエンティア,牡,2,武藤雅,56.0,水野貴広,美,落合幸弘,村上欽哉牧場,レイデオロ,ソリティアズヴィジョン,24103844,1,"Court Vision",栗毛,5,-1,0,0,11,     0,     0, 0,   0.0,0,202610030504010505
261003,東京,5, 6,新馬,芝,1800,テルケンレンコール,牡,2,三浦皇成,56.0,高柳瑞樹,美,桑田照夫,静内白井牧場,グレーターロンドン,ピンクノミーナ,24104463,1,ダイワメジャー,鹿毛,6,-1,0,0,11,     0,     0, 0,   0.0,0,202610030504010506
261003,東京,5, 7,新馬,芝,1800,アイアンマン,牡,2,菊沢一樹,56.0,大和田成,美,野嶋祥二,川向高橋育成牧場,ゴールドドリーム,ゴーハッピーゴー,24101318,1,オルフェーヴル,栗毛,6,-1,0,0,11,     0,     0, 0,   0.0,0,202610030504010507
261003,東京,5, 8,新馬,芝,1800,ヒシホライゾン,牡,2,佐々木大,56.0,堀宣行,美,"Hishi Partners",ノーザンファーム,コントレイル,イスパニダ,24106170,1,"Pure Prize",黒鹿,7,-1,0,0,11,   310,     0, 0,   0.0,0,202610030504010508
261003,東京,5, 9,新馬,芝,1800,サラサシンシアズ,牝,2,横山武史,55.0,古賀慎明,美,横井良明,グランド牧場,マインドユアビスケッツ,シンシアズブレス,24104331,1,ダイワメジャー,栗毛,7,-1,0,0,11,   120,     0, 0,   0.0,0,202610030504010509
261003,東京,5,10,新馬,芝,1800,ポルターガイスト,牡,2,柴田大知,56.0,松永康利,美,ビッグレッドファーム,ビッグレッドファーム,ベンバトル,パラノーマル,24103615,1,ステイゴールド,鹿毛,8,-1,0,0,11,    78,     0, 0,   0.0,0,202610030504010510
261003,東京,5,11,新馬,芝,1800,セイウンウェルス,牡,2,野中悠太,56.0,伊藤大士,美,西山茂行,日進牧場,サトノクラウン,セイウンヴィーナス,24102104,1,カレンブラックヒル,青鹿,8,-1,0,0,11,     0,     0, 0,   0.0,0,202610030504010511
261003,東京,6, 1,１勝ｸﾗｽ・牝,ダ,1400,ミヤエスケープ,牝,3,菊沢一樹,54.0,伊藤圭三,美,山本益臣,グランド牧場,モーリス,ドリームライター,23102592,1,"Tale of the Cat",栗毛,1,-1,0,0,16,  1334,   400, 0,   0.0,0,202610030504010601
261003,東京,6, 2,１勝ｸﾗｽ・牝,ダ,1400,デルマケセラセラ,牝,4,上里直汰,53.0,小野次郎,美,浅沼廣幸,社台ファーム,リオンディーズ,フロレットアレー,22105477,1,ディープインパクト,黒鹿,1,-1,0,0,16,   933,   400, 0,   0.0,0,202610030504010602
261003,東京,6, 3,１勝ｸﾗｽ・牝,ダ,1400,ケイツープラ,牝,3,原優介,54.0,蛯名利弘,美,楠本勝美,浅川牧場,グレーターロンドン,ステージワンスモア,23103925,1,タニノギムレット,鹿毛,2,-1,0,0,16,   590,   400, 0,   0.0,0,202610030504010603
261003,東京,6, 4,１勝ｸﾗｽ・牝,ダ,1400,コウユーニポポニコ,牝,3,石田拓郎,52.0,竹内正洋,美,加治屋貞光,カロッテファーム,タリスマニック,トーセンラーク,23100757,1,アルデバラン2,鹿毛,2,-1,0,0,16,  1059,   400, 0,   0.0,0,202610030504010604
261003,東京,6, 5,１勝ｸﾗｽ・牝,ダ,1400,マナマカナ,牝,5,木幡巧也,56.0,天間昭一,美,佐藤弘樹,日本中央競馬会日高育成牧場,クリエイター2,ユッコ,21103135,1,ハーツクライ,芦毛,3,-1,0,0,16,     0,   460, 0,   0.0,0,202610030504010605
261003,東京,6, 6,１勝ｸﾗｽ・牝,ダ,1400,ロジザボード,牝,3,戸崎圭太,54.0,古賀慎明,美,久米田正明,オリエント牧場,ドレフォン,ロジヒューズ,23104017,1,ヘニーヒューズ,黒鹿,3,-1,0,0,16,   877,   400, 0,   0.0,0,202610030504010606
261003,東京,6, 7,１勝ｸﾗｽ・牝,ダ,1400,チームユートピア,牝,3,佐々木大,54.0,中舘英二,美,ヒダカ・ブリーダーズ・ユニオン,アフリートファーム,"Vino Rosso",シンシアズフューリー,23105429,1,Utopia,栗毛,4,-1,0,0,16,  2070,   900, 0,   0.0,0,202610030504010607
261003,東京,6, 8,１勝ｸﾗｽ・牝,ダ,1400,クラリネットソナタ,牝,4,丹内祐次,56.0,柄崎将寿,美,社台レースホース,社台ファーム,ナダル,レニーズゴットジップ,22105585,1,"City Zip",鹿毛,4,-1,0,0,16,  2193,   400, 0,   0.0,0,202610030504010608
261003,東京,6, 9,１勝ｸﾗｽ・牝,ダ,1400,オオゾラヒバリ,牝,5,岩田康誠,56.0,秋本大介,美,福本次雄,豊郷牧場,トーセンラー,ゴールドリボン,21101793,1,スターキングマン,青鹿,5,-1,0,0,16,  2275,   400, 0,   0.0,0,202610030504010609
261003,東京,6,10,１勝ｸﾗｽ・牝,ダ,1400,エジプシャンマウ,牝,3,石神深道,52.0,武井亮,美,シルクレーシング,ノーザンファーム,"American Pharoah",ヘヴンハズマイニッキー,23107216,1,"Majestic Warrior",栗毛,5,-1,0,0,16,   750,   400, 0,   0.0,0,202610030504010610
261003,東京,6,11,１勝ｸﾗｽ・牝,ダ,1400,オーシャンステラ,牝,3,横山武史,54.0,菊沢隆徳,美,ライオンレースホース,ノーザンファーム,ゴールドシップ,プリティカリーナ,23107206,1,"Seeking the Gold",黒鹿,6,-1,0,0,16,   995,   400, 0,   0.0,0,202610030504010611
261003,東京,6,12,１勝ｸﾗｽ・牝,ダ,1400,フクチャンヒメ,牝,4,江田照男,56.0,加藤征弘,美,福田義明,社台ファーム,ドレフォン,プランタンビジュー,22105494,1,ダイワメジャー,鹿毛,6,-1,0,0,16,   831,   400, 0,   0.0,0,202610030504010612
261003,東京,6,13,１勝ｸﾗｽ・牝,ダ,1400,ローズブーケ,牝,3,津村明秀,54.0,鈴木伸尋,美,ターフ・スポート,米田牧場,アジアエクスプレス,ドンプリムローズ,23100453,1,ゴールドヘイロー,鹿毛,7,-1,0,0,16,   732,   400, 0,   0.0,0,202610030504010613
261003,東京,6,14,１勝ｸﾗｽ・牝,ダ,1400,ガンバレベアー,牝,4,大野拓弥,56.0,杉浦宏昭,美,熊木浩,ヴェルサイユファーム,サトノアラジン,サンマルリトリート,22101141,1,ハードスパン,黒鹿,7,-1,0,0,16,  1177,   280, 0,   0.0,0,202610030504010614
261003,東京,6,15,１勝ｸﾗｽ・牝,ダ,1400,オテンバプリンセス,牝,3,小林美駒,52.0,加藤士津,美,田畑利彦,レイクヴィラファーム,ナダル,ロゼリーナ,23103913,1,キングカメハメハ,栗毛,8,-1,0,0,16,   950,   400, 0,   0.0,0,202610030504010615
261003,東京,6,16,１勝ｸﾗｽ・牝,ダ,1400,キカオクベシ,牝,4,野中悠太,56.0,佐藤吉勝,美,福田光博,谷川ファーム,ダノンレジェンド,クラレンスハウス,22109052,1,ハービンジャー,鹿毛,8,-1,0,0,16,   560,   400, 0,   0.0,0,202610030504010616
261003,東京,7, 1,１勝ｸﾗｽ,芝,1400,タイキプレジール,牡,3,石橋脩,56.0,矢野英一,美,大樹ファーム,ビクトリーホースランチ,ダノンプレミアム,ピアレジーナ,23102182,1,タイキシャトル,鹿毛,1,-1,0,0,18,  1045,   400, 0,   0.0,0,202610030504010701
261003,東京,7, 2,１勝ｸﾗｽ,芝,1400,グリオンヴール,牡,3,ルメール,56.0,宮田敬介,美,キャロットファーム,ノーザンファーム,エピファネイア,イーデンキー,23106883,1,"No Nay Never",鹿毛,1,-1,0,0,18,  2320,   900, 0,   0.0,0,202610030504010702
261003,東京,7, 3,１勝ｸﾗｽ,芝,1400,アルマロクザン,牝,6,遠藤汰月,53.0,伊藤伸一,美,コウトミックレーシング,小島牧場,ドレフォン,アルマディヴァン,20100759,1,メジロベイリー,鹿毛,2,-1,0,0,18,  1968,   120, 0,   0.0,0,202610030504010703
261003,東京,7, 4,１勝ｸﾗｽ,芝,1400,アトリウムチャペル,牝,5,横山和生,56.0,浅利英明,美,社台レースホース,社台ファーム,ドレフォン,ジュリエットベール,21105078,1,ヴィクトワールピサ,黒鹿,2,-1,0,0,18,  2245,   400, 0,   0.0,0,202610030504010704
261003,東京,7, 5,１勝ｸﾗｽ,芝,1400,リネンタイリン,牡,3,菊沢一樹,56.0,平岩大典,美,戸山光男,沖田牧場,キズナ,リネンパズル,23100728,1,パラダイスクリーク,鹿毛,3,-1,0,0,18,   832,   400, 0,   0.0,0,202610030504010705
261003,東京,7, 6,１勝ｸﾗｽ,芝,1400,ノーブルクロンヌ,牝,3,丹内祐次,54.0,高柳瑞樹,美,岡田牧雄,上水牧場,フィエールマン,ステファニーラン,23103657,1,スウェプトオーヴァーボード,鹿毛,3,-1,0,0,18,   819,   400, 0,   0.0,0,202610030504010706
261003,東京,7, 7,１勝ｸﾗｽ,芝,1400,アイアンパイク,牝,3,横山典弘,54.0,村田一誠,美,浅田次郎,今牧場,ヘンリーバローズ,チアズスワロー,23102633,1,フレンチデピュティ,鹿毛,4,-1,0,0,18,  2302,   400, 0,   0.0,0,202610030504010707
261003,東京,7, 8,１勝ｸﾗｽ,芝,1400,ナックホワイト,牝,3,大野拓弥,54.0,杉浦宏昭,美,小松欣也,レイクヴィラファーム,ブリックスアンドモルタル,イタリアンホワイト,23103885,1,ステイゴールド,芦毛,4,-1,0,0,18,  1042,   400, 0,   0.0,0,202610030504010708
261003,東京,7, 9,１勝ｸﾗｽ,芝,1400,ソナタン,牡,4,野中悠太,58.0,和田勇介,美,UHレーシング,社台ファーム,レッドファルクス,ヴァイオリンソナタ,22105241,1,ディープインパクト,青鹿,5,-1,0,0,18,  2060,   400, 0,   0.0,0,202610030504010709
261003,東京,7,10,１勝ｸﾗｽ,芝,1400,ダイユウアレグロ,牡,3,田辺裕信,56.0,松永康利,美,大友靖岐,矢野牧場,レイデオロ,レッドエレノア,23103298,1,ハーツクライ,栗毛,5,-1,0,0,18,   721,   400, 0,   0.0,0,202610030504010710
261003,東京,7,11,１勝ｸﾗｽ,芝,1400,ヘルモソブレード,牝,3,杉原誠人,54.0,岩戸孝樹,美,大島豊彦,まるとみ冨岡牧場,ビッグアーサー,レッドミュール,23104991,1,ダイワメジャー,鹿毛,6,-1,0,0,18,   750,   400, 0,   0.0,0,202610030504010711
261003,東京,7,12,１勝ｸﾗｽ,芝,1400,リラ,牝,3,佐々木大,54.0,蛯名正義,美,前田幸大,ノースヒルズ,キズナ,マジックファウンテン,23104412,1,"War Front",黒鹿,6,-1,0,0,18,  1434,   400, 0,   0.0,0,202610030504010712
261003,東京,7,13,１勝ｸﾗｽ,芝,1400,ヤジロベエバランス,牝,3,佐藤翔馬,51.0,岩戸孝樹,美,芳賀克也,野坂牧場,ディーマジェスティ,イタリアンフェッテ,23106291,1,ヨハネスブルグ,鹿毛,7,-1,0,0,18,     0,   400, 0,   0.0,0,202610030504010713
261003,東京,7,14,１勝ｸﾗｽ,芝,1400,ワディアルリヤハ,牝,3,戸崎圭太,54.0,中舘英二,美,吉田勝己,ノーザンファーム,"St Mark's Basilica",ワディハッタ,23107372,1,"Cape Cross",鹿毛,7,-1,0,0,18,  1964,   400, 0,   0.0,0,202610030504010714
261003,東京,7,15,１勝ｸﾗｽ,芝,1400,コルチェスター,牡,4,岩田康誠,58.0,尾関知人,美,ライオンレースホース,ノーザンファーム,ビッグアーサー,グランデセーヌ,22104757,1,ゼンノロブロイ,鹿毛,7,-1,0,0,18,   720,   400, 0,   0.0,0,202610030504010715
261003,東京,7,16,１勝ｸﾗｽ,芝,1400,ピエドゥラパン,牝,3,津村明秀,54.0,千葉直人,美,吉田千津,社台ファーム,エピファネイア,トロワゼトワル,23103487,1,ロードカナロア,黒鹿,8,-1,0,0,18,  1070,   400, 0,   0.0,0,202610030504010716
261003,東京,7,17,１勝ｸﾗｽ,芝,1400,ニシノイストワール,セ,4,ミシェル,58.0,鹿戸雄一,美,西山茂行,さとう,キズナ,ドリームアンドホープ,22107202,1,"Royal Applause",鹿毛,8,-1,0,0,18,   841,   400, 0,   0.0,0,202610030504010717
261003,東京,7,18,１勝ｸﾗｽ,芝,1400,カフェラバー,牝,3,石神深道,52.0,和田正一,美,吉田和美,ノーザンファーム,モーリス,モアナアネラ,23107276,1,キングカメハメハ,鹿毛,8,-1,0,0,18,   870,   400, 0,   0.0,0,202610030504010718
261003,東京,8, 1,１勝ｸﾗｽ,ダ,1600,カンレイスキー,牡,4,江田照男,58.0,竹内正洋,美,那須野牧場,那須野,デクラレーションオブウォー,ナスノフィオナ,22106545,1,ホワイトマズル,鹿毛,1,-1,0,0,16,   710,   400, 0,   0.0,0,202610030504010801
261003,東京,8, 2,１勝ｸﾗｽ,ダ,1600,プレースメント,牡,3,ルメール,56.0,蛯名正義,美,社台レースホース,社台コーポレーション白老ファーム,ナダル,アサクサティアラ,23103748,1,ディープインパクト,黒鹿,1,-1,0,0,16,   850,   400, 0,   0.0,0,202610030504010802
261003,東京,8, 3,１勝ｸﾗｽ,ダ,1600,マサッチェハマー,牡,3,三浦皇成,56.0,伊藤大士,美,浜田幸一,梅田牧場,ダノンキングリー,アルカイクスマイル,23105077,1,クロフネ,青鹿,2,-1,0,0,16,  1070,   400, 0,   0.0,0,202610030504010803
261003,東京,8, 4,１勝ｸﾗｽ,ダ,1600,ウインドワンピース,牡,6,石田拓郎,56.0,新開幸一,美,福原正博,岡田スタツド,ヴァンセンヌ,シーデイライト,20103901,1,ヘニーヒューズ,鹿毛,2,-1,0,0,16,   753,   400, 0,   0.0,0,202610030504010804
261003,東京,8, 5,１勝ｸﾗｽ,ダ,1600,エドワードバローズ,牡,4,岩田康誠,58.0,奥村武,美,猪熊広次,レイクヴィラファーム,ナダル,サンドラバローズ,22105962,1,ディープインパクト,黒鹿,3,-1,0,0,16,  1590,   400, 0,   0.0,0,202610030504010805
261003,東京,8, 6,１勝ｸﾗｽ,ダ,1600,コッレヴェッキオ,セ,5,丹内祐次,58.0,高橋文雅,美,吉田勝己,ノーザンファーム,モーリス,フォンターナリーリ,21105730,1,クロフネ,鹿毛,3,-1,0,0,16,  1520,   400, 0,   0.0,0,202610030504010806
261003,東京,8, 7,１勝ｸﾗｽ,ダ,1600,キングクレオール,牡,5,小林美駒,56.0,和田雄二,美,田島榮二郎,元茂牧場,マジェスティックウォリアー,ブルーピアス,21100506,1,ヘクタープロテクター,鹿毛,4,-1,0,0,16,   930,   400, 0,   0.0,0,202610030504010807
261003,東京,8, 8,１勝ｸﾗｽ,ダ,1600,ピースサイン,セ,3,ミシェル,56.0,浅利英明,美,飯塚知一,社台ファーム,ポエティックフレア,シャドウノエル,23103422,1,"Le Havre",鹿毛,4,-1,0,0,16,   952,   400, 0,   0.0,0,202610030504010808
261003,東京,8, 9,１勝ｸﾗｽ,ダ,1600,カシノスパーク,牡,3,石神深道,54.0,天間昭一,美,柏木務,グッドラック・ファーム,ロジャーバローズ,ビジューブランシュ,23105779,1,Hansen,芦毛,5,-1,0,0,16,   874,   400, 0,   0.0,0,202610030504010809
261003,東京,8,10,１勝ｸﾗｽ,ダ,1600,ジーティーブラック,牡,3,菊沢一樹,56.0,菊沢隆徳,美,田畑利彦,モリナガファーム,キタサンブラック,マイウェイアムール,23106052,1,ロードカナロア,鹿毛,5,-1,0,0,16,   985,   400, 0,   0.0,0,202610030504010810
261003,東京,8,11,１勝ｸﾗｽ,ダ,1600,タキノボリ,牡,4,横山和生,58.0,勢司和浩,美,越村哲男,中神牧場,ルヴァンスレーヴ,アグネスアーニャ,22100320,1,アグネスデジタル,鹿毛,6,-1,0,0,16,  1512,   400, 0,   0.0,0,202610030504010811
261003,東京,8,12,１勝ｸﾗｽ,ダ,1600,スターエンブレム,牡,4,内田博幸,58.0,林徹,美,保坂和孝,ノーザンファーム,ロードカナロア,リッスン,22105130,1,"Sadler's Wells",鹿毛,6,-1,0,0,16,  1400,   400, 0,   0.0,0,202610030504010812
261003,東京,8,13,１勝ｸﾗｽ,ダ,1600,オブシディアン,牡,6,菅原隆一,58.0,石栗龍彦,美,田頭勇貴,仲野牧場,ホッコータルマエ,ヒラボクミラクル,20100307,1,アグネスデジタル,黒鹿,7,-1,0,0,16,  1340,   400, 0,   0.0,0,202610030504010813
261003,東京,8,14,１勝ｸﾗｽ,ダ,1600,コーシューパンジャ,牡,4,長浜鴻緒,57.0,相沢郁,美,"Deep Creek",草薙利昭,ゴールドドリーム,ココクイーン,22102769,1,キングカメハメハ,黒鹿,7,-1,0,0,16,  1038,   100, 0,   0.0,0,202610030504010814
261003,東京,8,15,１勝ｸﾗｽ,ダ,1600,ファンタイムギフト,セ,4,田辺裕信,58.0,相沢郁,美,星野祐介,二風谷ファーム,ドレフォン,トウカイシェーン,22102378,1,ダイワメジャー,黒鹿,8,-1,0,0,16,  2372,   900, 0,   0.0,0,202610030504010815
261003,東京,8,16,１勝ｸﾗｽ,ダ,1600,サトノシャムロック,セ,4,原優介,58.0,古賀慎明,美,里見治,ノーザンファーム,ニューイヤーズデイ,ヒップホップスワン,22104967,1,"Tiz Wonderful",黒鹿,8,-1,0,0,16,  1090,   400, 0,   0.0,0,202610030504010816
261003,東京,9, 1,八ヶ岳特･2勝,芝,1800,ディープキング,牡,9,丹内祐次,58.0,中舘英二,美,廣崎利洋HD,社台ファーム,ディープインパクト,ダリシア,17104815,1,Acatenango,鹿毛,1,-1,0,0,12,  2780,   900, 0,   0.0,0,202610030504010901
261003,東京,9, 2,八ヶ岳特･2勝,芝,1800,イージーライダー,牡,3,横山武史,56.0,杉山晴紀,栗,エムズレーシング,高橋フアーム,キズナ,エセンテペ,23102814,1,Oratorio,黒鹿,2,-1,0,0,12,  1815,   900, 0,   0.0,0,202610030504010902
261003,東京,9, 3,八ヶ岳特･2勝,芝,1800,ステラスペース,牡,3,武藤雅,56.0,武藤善則,美,落合幸弘,新冠橋本牧場,レイデオロ,フィリポナ,23104346,1,ブラックタイド,鹿毛,3,-1,0,0,12,  2260,   900, 0,   0.0,0,202610030504010903
261003,東京,9, 4,八ヶ岳特･2勝,芝,1800,フィールドノート,牡,4,ルメール,58.0,木村哲也,美,サンデーレーシング,ノーザンファーム,ロードカナロア,フィンレイズラッキーチャーム,22107186,1,"Twirling Candy",鹿毛,4,-1,0,0,12,  1900,   900, 0,   0.0,0,202610030504010904
261003,東京,9, 5,八ヶ岳特･2勝,芝,1800,コスモスプモーニ,牡,6,木幡巧也,58.0,松山将樹,美,ビッグレッドファーム,荒井ファーム,リアルインパクト,シャドウライフ,20101261,1,サクラバクシンオー,鹿毛,5,-1,0,0,12,  2184,   900, 0,   0.0,0,202610030504010905
261003,東京,9, 6,八ヶ岳特･2勝,芝,1800,レッドバレンティア,牡,6,原優介,58.0,古賀大生,美,東京ホースレーシング,杵臼牧場,リオンディーズ,レッドマジュール,20106413,1,ディープインパクト,青鹿,5,-1,0,0,12,  3326,   900, 0,   0.0,0,202610030504010906
261003,東京,9, 7,八ヶ岳特･2勝,芝,1800,ミッキージャンプ,牡,3,佐々木大,56.0,池江泰寿,栗,野田みづき,ノーザンファーム,サートゥルナーリア,オンディナドバイ,23105274,1,"E Dubai",栗毛,6,-1,0,0,12,  3139,   900, 0,   0.0,0,202610030504010907
261003,東京,9, 8,八ヶ岳特･2勝,芝,1800,ドッグウッド,牡,3,戸崎圭太,56.0,斎藤誠,美,林瑛子,藤本ファーム,レイデオロ,ハナソメイ,23101382,1,タートルボウル,鹿毛,6,-1,0,0,12,  4153,   900, 0,   0.0,0,202610030504010908
261003,東京,9, 9,八ヶ岳特･2勝,芝,1800,ファムクラジューズ,牝,3,菊沢一樹,54.0,黒岩陽一,美,サラブレッドクラブ・ラフィアン,ビッグレッドファーム,ベンバトル,キューンハイト,23106433,1,ディープインパクト,鹿毛,7,-1,0,0,12,  3336,  1500, 0,   0.0,0,202610030504010909
261003,東京,9,10,八ヶ岳特･2勝,芝,1800,ノビリシマビジョン,牝,4,津村明秀,56.0,青木孝文,美,シルクレーシング,ノーザンファーム,フィエールマン,マチカネタマカズラ,22105057,1,Kingmambo,黒鹿,7,-1,0,0,12,  2492,   900, 0,   0.0,0,202610030504010910
261003,東京,9,11,八ヶ岳特･2勝,芝,1800,ホウオウシンデレラ,牝,5,丸田恭介,56.0,奥村武,美,小笹芳央,岡田スタツド,エピファネイア,フサイチジェット,21103533,1,"Gilded Time",栗毛,8,-1,0,0,12,  2504,   900, 0,   0.0,0,202610030504010911
261003,東京,9,12,八ヶ岳特･2勝,芝,1800,マイネルアレス,牡,4,石橋脩,58.0,相沢郁,美,サラブレッドクラブ・ラフィアン,ビッグレッドファーム,スクリーンヒーロー,リープフラウミルヒ,22106817,1,ステイゴールド,栗毛,8,-1,0,0,12,  4470,   900, 0,   0.0,0,202610030504010912
261003,東京,10, 1,白秋ＳＨ･3勝,芝,1400,グーテンベルク,牡,4,戸崎圭太,56.0,金成貴史,美,近藤英子,坂東牧場,リアルスティール,アトラクティヴ,22102391,1,スクリーンヒーロー,鹿毛,1,-1,0,0,18,  4000,  1500, 0,   0.0,0,202610030504011001
261003,東京,10, 2,白秋ＳＨ･3勝,芝,1400,モンシュマン,牡,5,岩田康誠,56.0,辻哲英,美,社台レースホース,社台ファーム,ミッキーアイル,ザウェイアイアム,21105054,1,Thewayyouare,鹿毛,1,-1,0,0,18,  5824,  1500, 0,   0.0,0,202610030504011002
261003,東京,10, 3,白秋ＳＨ･3勝,芝,1400,ホウオウシェリー,牝,5,津村明秀,53.0,池上昌和,美,小笹芳央,岡田スタツド,ブリックスアンドモルタル,オヒア,21103486,1,ブラックタイド,鹿毛,2,-1,0,0,18,  6734,  1500, 0,   0.0,0,202610030504011003
261003,東京,10, 4,白秋ＳＨ･3勝,芝,1400,セシリエプラージュ,牝,5,ミシェル,52.0,中村直也,栗,吉田照哉,社台ファーム,ブリックスアンドモルタル,アットザシーサイド,21104941,1,キングカメハメハ,黒鹿,2,-1,0,0,18,  4507,  1500, 0,   0.0,0,202610030504011004
261003,東京,10, 5,白秋ＳＨ･3勝,芝,1400,レッドキングリー,牡,4,ルメール,57.0,木村哲也,美,東京ホースレーシング,レイクヴィラファーム,サートゥルナーリア,レッドエルザ,22105991,1,"Smart Strike",栗毛,3,-1,0,0,18,  4910,  1500, 0,   0.0,0,202610030504011005
261003,東京,10, 6,白秋ＳＨ･3勝,芝,1400,サトミノキラリ,牡,5,小林美駒,55.0,鈴木伸尋,美,田代洋己,下河辺牧場,ビッグアーサー,パレード,21101429,1,ディープインパクト,鹿毛,3,-1,0,0,18,  5581,  1500, 0,   0.0,0,202610030504011006
261003,東京,10, 7,白秋ＳＨ･3勝,芝,1400,チャンネルトンネル,牡,5,横山武史,57.0,福永祐一,栗,窪田芳郎,大栄牧場,グレーターロンドン,ギャルソンヌ,21106369,1,Henrythenavigator,鹿毛,4,-1,0,0,18,  9573,  1500, 0,   0.0,0,202610030504011007
261003,東京,10, 8,白秋ＳＨ･3勝,芝,1400,ビップジーニー,牡,5,横山琉人,54.0,松下武士,栗,鈴木邦英,ノーザンファーム,サトノアラジン,ムーンライトダンス,21105812,1,Sinndar,鹿毛,4,-1,0,0,18,  3460,  1500, 0,   0.0,0,202610030504011008
261003,東京,10, 9,白秋ＳＨ･3勝,芝,1400,トライアンフパス,牝,3,松岡正海,51.0,宮徹,栗,サラブレッドクラブ・ラフィアン,ビッグレッドファーム,ベンバトル,エントリーチケット,23106431,1,マツリダゴッホ,栗毛,5,-1,0,0,18,  4016,  1500, 0,   0.0,0,202610030504011009
261003,東京,10,10,白秋ＳＨ･3勝,芝,1400,エヴァンスウィート,牝,5,佐々木大,52.0,友道康夫,栗,佐々木主浩,ノーザンファーム,スワーヴリチャード,ハルーワスウィート,21105689,1,Machiavellian,栗毛,5,-1,0,0,18,  4915,  1500, 0,   0.0,0,202610030504011010
261003,東京,10,11,白秋ＳＨ･3勝,芝,1400,ブリックワーク,牝,5,吉田豊,52.0,辻野泰之,栗,下河辺隆行,下河辺牧場,ブリックスアンドモルタル,オーヴィレール,21101382,1,シンボリクリスエス,芦毛,6,-1,0,0,18,  4243,  1500, 0,   0.0,0,202610030504011011
261003,東京,10,12,白秋ＳＨ･3勝,芝,1400,フォーゲル,牡,3,池添謙一,54.0,斉藤崇史,栗,林正道,ノーザンファーム,アルアイン,エリカポンシャン,23105273,1,ロードカナロア,鹿毛,6,-1,0,0,18,  7314,  2400, 0,   0.0,0,202610030504011012
261003,東京,10,13,白秋ＳＨ･3勝,芝,1400,コスモサガルマータ,セ,6,横山和生,55.0,嘉藤貴行,美,ビッグレッドファーム,岡田スタツド,ヴィクトワールピサ,エーソングフォー,20103881,1,"More Than Ready",黒鹿,7,-1,0,0,18,  4672,  1500, 0,   0.0,0,202610030504011013
261003,東京,10,14,白秋ＳＨ･3勝,芝,1400,ミストレス,牝,4,古川奈穂,52.0,矢作芳人,栗,前田晋二,グランド牧場,キズナ,チェロキーメイドン,22103754,1,"Distorted Humor",黒鹿,7,-1,0,0,18,  3838,  1600, 0,   0.0,0,202610030504011014
261003,東京,10,15,白秋ＳＨ･3勝,芝,1400,キタサンダムール,牝,6,原優介,54.0,清水久詞,栗,大野商事,ヤナガワ牧場,キタサンブラック,キタサンプリンセス,20102310,1,エンパイアメーカー,黒鹿,7,-1,0,0,18,  5227,  1500, 0,   0.0,0,202610030504011015
261003,東京,10,16,白秋ＳＨ･3勝,芝,1400,コスモアディラート,牡,8,柴田大知,53.0,和田正一,美,ビッグレッドファーム,"Mr G Harvey",Snitzel,"River Serenade",18110149,1,"Hurricane Sky",鹿毛,8,-1,0,0,18,  6486,  1500, 0,   0.0,0,202610030504011016
261003,東京,10,17,白秋ＳＨ･3勝,芝,1400,シャイフ,牡,4,横山典弘,56.0,安田翔伍,栗,スリーエイチレーシング,ノーザンファーム,ミッキーアイル,ファディラー,22104985,1,Monsun,鹿毛,8,-1,0,0,18,  3780,  1500, 0,   0.0,0,202610030504011017
261003,東京,10,18,白秋ＳＨ･3勝,芝,1400,ヒシアマン,牡,4,大野拓弥,57.0,堀宣行,美,"Hishi Partners",ノーザンファーム,モーリス,アシュリン,22104594,1,マンハッタンカフェ,鹿毛,8,-1,0,0,18,  5747,  1500, 0,   0.0,0,202610030504011018
261003,東京,11, 1,グリーン(L),ダ,1600,ルヴァレドクール,セ,4,横山和生,57.0,中舘英二,美,吉田晴哉,山際牧場,ルヴァンスレーヴ,アルマユディト,22100994,1,ヨハネスブルグ,鹿毛,1,-1,0,0,15,  5740,  2400, 0,   0.0,0,202610030504011101
261003,東京,11, 2,グリーン(L),ダ,1600,ジンセイ,牡,5,丹内祐次,57.0,庄野靖志,栗,幅田京子,新井牧場,ジャスタウェイ,コマノレジェンド,21104646,1,ストリートセンス,鹿毛,2,-1,0,0,15,  9360,  2400, 0,   0.0,0,202610030504011102
261003,東京,11, 3,グリーン(L),ダ,1600,スナッピードレッサ,牡,4,大野拓弥,57.0,大竹正博,美,ゴドルフィン,Godolphin,"Union Rags","Caramel Snap",22110007,1,"Smart Strike",黒鹿,2,-1,0,0,15,  5950,  2400, 0,   0.0,0,202610030504011103
261003,東京,11, 4,グリーン(L),ダ,1600,ヘニーガイスト,牡,4,横山武史,57.0,加藤征弘,美,林正道,ノーザンファーム,ヘニーヒューズ,スミレ,22104865,1,ダイワメジャー,栗毛,3,-1,0,0,15,  6050,  2400, 0,   0.0,0,202610030504011104
261003,東京,11, 5,グリーン(L),ダ,1600,ドンエレクトス,牡,3,三浦皇成,55.0,高木登,美,山田貢一,日西牧場,ダノンレジェンド,ドナプリモ,23101269,1,フリオーソ,黒鹿,3,-1,0,0,15,  8851,  3300, 0,   0.0,0,202610030504011105
261003,東京,11, 6,グリーン(L),ダ,1600,ヒルノドゴール,牡,5,戸崎圭太,57.0,北出成人,栗,ヒルノ,サカイファーム,アニマルキングダム,ヒルノケアンズ,21103786,1,ハーツクライ,栗毛,4,-1,0,0,15,  6500,  2400, 0,   0.0,0,202610030504011106
261003,東京,11, 7,グリーン(L),ダ,1600,トリリオンボーイ,セ,4,津村明秀,57.0,武井亮,美,武田美香,様似共栄牧場,マクフィ,フィメールモナーク,22102493,1,ルーラーシップ,栗毛,4,-1,0,0,15,  6167,  2400, 0,   0.0,0,202610030504011107
261003,東京,11, 8,グリーン(L),ダ,1600,メルキオル,牡,4,原優介,57.0,松永幹夫,栗,吉田勝己,ノーザンファーム,ナダル,サングレアル,22104796,1,ゼンノロブロイ,鹿毛,5,-1,0,0,15,  1675,  2100, 0,   0.0,0,202610030504011108
261003,東京,11, 9,グリーン(L),ダ,1600,ヴィヴァン,牡,8,佐々木大,57.0,池江泰寿,栗,前田幸大,ノースヒルズ,ハーツクライ,キトゥンズクイーン,18102040,1,"Kitten's Joy",栗毛,5,-1,0,0,15,  9384,  2400, 0,   0.0,0,202610030504011109
261003,東京,11,10,グリーン(L),ダ,1600,オウギノカナメ,牡,6,菊沢一樹,57.0,高木登,美,嶋田一成,三嶋牧場,キタサンブラック,ジェラスガール,20106873,1,Petionville,青鹿,6,-1,0,0,15,  6540,  2400, 0,   0.0,0,202610030504011110
261003,東京,11,11,グリーン(L),ダ,1600,ジャスティンアース,牡,5,ルメール,58.0,杉山晴紀,栗,三木正浩,三嶋牧場,キズナ,ユーヴェットシー,21103282,1,Bodemeister,黒鹿,6,-1,0,0,15, 10199,  3800, 0,   0.0,0,202610030504011111
261003,東京,11,12,グリーン(L),ダ,1600,マピュース,牝,4,田辺裕信,56.0,和田勇介,美,吉本雄二,社台ファーム,マインドユアビスケッツ,フィルムフランセ,22105467,1,シンボリクリスエス,栗毛,7,-1,0,0,15,  9890,  3700, 0,   0.0,0,202610030504011112
261003,東京,11,13,グリーン(L),ダ,1600,フリームファクシ,牡,6,ミシェル,60.0,須貝尚介,栗,金子真人ホールディングス,ノーザンファーム,ルーラーシップ,ライツェント,20103661,1,スペシャルウィーク,青鹿,7,-1,0,0,15, 13070,  5500, 0,   0.0,0,202610030504011113
261003,東京,11,14,グリーン(L),ダ,1600,オーブルクール,牝,5,石橋脩,55.0,矢野英一,美,ターフ・スポート,中島牧場,デクラレーションオブウォー,メイショウユウゼン,21103095,1,タイキシャトル,鹿毛,8,-1,0,0,15,  5670,  2400, 0,   0.0,0,202610030504011114
261003,東京,11,15,グリーン(L),ダ,1600,ルージュスタニング,牝,5,岩田康誠,55.0,友道康夫,栗,東京ホースレーシング,ノーザンファーム,"Into Mischief",ボインビューティー,21105775,1,"Giant's Causeway",鹿毛,8,-1,0,0,15,  5675,  2400, 0,   0.0,0,202610030504011115
261003,東京,12, 1,２勝ｸﾗｽ,ダ,1400,ホウオウゴールド,牡,4,原優介,58.0,栗田徹,美,小笹芳央,アサヒ牧場,ディーマジェスティ,クニコチャン,22106011,1,ゴールドアリュール,鹿毛,1,-1,0,0,16,  2250,   900, 0,   0.0,0,202610030504011201
261003,東京,12, 2,２勝ｸﾗｽ,ダ,1400,エチャケナ,牝,5,伊藤工真,56.0,金成貴史,美,吉野英子,ハクレイファーム,ドレフォン,エフティマイア,21106673,1,フジキセキ,鹿毛,1,-1,0,0,16,  1979,   900, 0,   0.0,0,202610030504011202
261003,東京,12, 3,２勝ｸﾗｽ,ダ,1400,エムティエスターテ,牡,4,大野拓弥,58.0,矢野英一,美,門別牧場,西川富岡牧場,バンブーエール,サマーフェアリー,22104234,1,ゴールドアリュール,栗毛,2,-1,0,0,16,  1713,   940, 0,   0.0,0,202610030504011203
261003,東京,12, 4,２勝ｸﾗｽ,ダ,1400,レーティッシュ,牡,4,横山武史,58.0,高橋一哉,栗,ノースヒルズ,"Don Alberto Corporation","American Pharoah","Bernina Star",22110152,1,"Harlan's Holiday",鹿毛,2,-1,0,0,16,  4130,   900, 0,   0.0,0,202610030504011204
261003,東京,12, 5,２勝ｸﾗｽ,ダ,1400,トラヴェリンバンド,牡,4,丹内祐次,58.0,西村真幸,栗,京都ホースレーシング,高橋フアーム,シニスターミニスター,コテキタイ,22104009,1,サウスヴィグラス,鹿毛,3,-1,0,0,16,  3039,   900, 0,   0.0,0,202610030504011205
261003,東京,12, 6,２勝ｸﾗｽ,ダ,1400,ヘリテージブルーム,牡,3,田辺裕信,56.0,伊藤圭三,美,吉田照哉,社台ファーム,ミスチヴィアスアレックス,オールドパサデナ,23103365,1,"Empire Maker",黒鹿,3,-1,0,0,16,  3650,   900, 0,   0.0,0,202610030504011206
261003,東京,12, 7,２勝ｸﾗｽ,ダ,1400,ゴルデールスカー,牡,6,杉原誠人,58.0,加藤公太,栗,サンデーレーシング,ノーザンファーム,モーリス,マラムデール,20103625,1,フレンチデピュティ,栗毛,4,-1,0,0,16,  3142,   900, 0,   0.0,0,202610030504011207
261003,東京,12, 8,２勝ｸﾗｽ,ダ,1400,マジッククッキー,牡,3,石神深道,54.0,加藤士津,美,小田吉男,大島牧場,マインドユアビスケッツ,ジョリーアップ,23105092,1,バトルプラン,栗毛,4,-1,0,0,16,  4550,  1500, 0,   0.0,0,202610030504011208
261003,東京,12, 9,２勝ｸﾗｽ,ダ,1400,フィリップ,牡,5,津村明秀,58.0,岩戸孝樹,美,ビッグレッドファーム,笹島智則,ロージズインメイ,ナムラカグヤヒメ,21102797,1,エンパイアメーカー,鹿毛,5,-1,0,0,16,  4002,   900, 0,   0.0,0,202610030504011209
261003,東京,12,10,２勝ｸﾗｽ,ダ,1400,ショーリバース,牡,3,横山典弘,56.0,鈴木伸尋,美,吉冨学,静内フジカワ牧場,フォーウィールドライブ,ショーカノン,23102743,1,ブレイクランアウト,青鹿,5,-1,0,0,16,  2310,   900, 0,   0.0,0,202610030504011210
261003,東京,12,11,２勝ｸﾗｽ,ダ,1400,トーホウキザン,牡,6,長浜鴻緒,57.0,高橋康之,栗,東豊物産,竹島幸治,トーホウジャッカル,トーホウドルチェ,20101764,1,サウスヴィグラス,栗毛,6,-1,0,0,16,  1958,   900, 0,   0.0,0,202610030504011211
261003,東京,12,12,２勝ｸﾗｽ,ダ,1400,ケブランリ,牡,3,戸崎圭太,56.0,加藤士津,美,吉田和美,坂東牧場,ゴールドドリーム,カロンセギュール,23107382,1,"Forest Camp",鹿毛,6,-1,0,0,16,  2010,   900, 0,   0.0,0,202610030504011212
261003,東京,12,13,２勝ｸﾗｽ,ダ,1400,メルシージュテーム,牝,4,ミシェル,56.0,西田雄一,美,グリーンファーム,社台ファーム,ダノンレジェンド,ジャドール,22105364,1,フジキセキ,黒鹿,7,-1,0,0,16,  1640,   900, 0,   0.0,0,202610030504011213
261003,東京,12,14,２勝ｸﾗｽ,ダ,1400,レッドダンルース,牡,6,丸山元気,58.0,古賀大生,美,東京ホースレーシング,ノーザンファーム,リアルスティール,アイリッシュシー,20103189,1,Galileo,鹿毛,7,-1,0,0,16,  4529,   900, 0,   0.0,0,202610030504011214
261003,東京,12,15,２勝ｸﾗｽ,ダ,1400,タリエシン,セ,6,石田拓郎,56.0,秋本大介,美,野田努,社台ファーム,キンシャサノキセキ,エヴァディングタンペット,20102784,1,"Dubai Destination",鹿毛,8,-1,0,0,16,  2806,   900, 0,   0.0,0,202610030504011215
261003,東京,12,16,２勝ｸﾗｽ,ダ,1400,シホノペルフェット,牡,4,小林美駒,56.0,寺島良,栗,村瀬寛紀,ノーザンファーム,マジェスティックウォリアー,アンソロジー,22104627,1,サクラバクシンオー,鹿毛,8,-1,0,0,16,  2148,   900, 0,   0.0,0,202610030504011216
261003,京都,1, 1,未勝利*,ダ,1400,プッシュバーン,牡,2,長岡禎仁,56.0,羽月友彦,栗,康本利幸,石川牧場,エスポワールシチー,ニジノムコウ,24104059,1,Flatter,鹿毛,1,-1,0,0,15,     0,     0, 0,   0.0,0,202610030804010101
261003,京都,1, 2,未勝利*,ダ,1400,レッドレヴェリー,牡,2,富田暁,56.0,武幸四郎,栗,東京ホースレーシング,社台ファーム,オルフェーヴル,ステイホット,24105908,1,キャプテントゥーレ,栗毛,2,-1,0,0,15,     0,     0, 0,   0.0,0,202610030804010102
261003,京都,1, 3,未勝利*,ダ,1400,ダノンアズール,牡,2,西村淳也,56.0,茶木太樹,栗,ダノックス,ノーザンファーム,ダノンキングリー,ショウリュウハル,24106361,1,ジャスタウェイ,鹿毛,2,-1,0,0,15,    59,     0, 0,   0.0,0,202610030804010103
261003,京都,1, 4,未勝利*,ダ,1400,アイボリータワー,牝,2,松若風馬,55.0,安田翔伍,栗,ノースヒルズ,"Orpendale/Chelston/Wynatt Westerberg Ireland ULC et al","Gun Runner",Kimari,24108283,1,Munnings,栗毛,3,-1,0,0,15,     0,     0, 0,   0.0,0,202610030804010104
261003,京都,1, 5,未勝利*,ダ,1400,ペアスターロード,牡,2,坂井瑠星,56.0,前川恭子,栗,廣崎双葉,チャンピオンズファーム,コントレイル,シュウギン,24100732,1,スウェプトオーヴァーボード,青鹿,3,-1,0,0,15,   900,   400, 0,   0.0,0,202610030804010105
261003,京都,1, 6,未勝利*,ダ,1400,テーオーライガ,牡,2,河原田菜,52.0,浜田多実,栗,小笹公也,ヤナガワ牧場,ミスターメロディ,テーオーキャンディ,24101216,1,エイシンフラッシュ,黒鹿,4,-1,0,0,15,     0,     0, 0,   0.0,0,202610030804010106
261003,京都,1, 7,未勝利*,ダ,1400,スナークモネ,牡,2,酒井学,56.0,宮地貴稔,栗,杉本豊,小泉牧場,ホッコータルマエ,スナークヒロイン,24103038,1,サクラバクシンオー,鹿毛,4,-1,0,0,15,    78,     0, 0,   0.0,0,202610030804010107
261003,京都,1, 8,未勝利*,ダ,1400,ダイユウエゾフジ,牡,2,森田誠也,53.0,荒川義之,栗,大友靖岐,社台ファーム,ジャスタウェイ,テンサイドカップ,24105952,1,スピルバーグ,鹿毛,5,-1,0,0,15,    59,     0, 0,   0.0,0,202610030804010108
261003,京都,1, 9,未勝利*,ダ,1400,ニドヅケキンシ,牡,2,小崎綾也,56.0,佐藤悠太,栗,一門会,白井牧場,イスラボニータ,ウェイヴランナー,24100498,1,"Raven's Pass",栗毛,5,-1,0,0,15,    59,     0, 0,   0.0,0,202610030804010109
261003,京都,1,10,未勝利*,ダ,1400,ペプチドニンバス,牡,2,和田陽希,53.0,武英智,栗,沼川一彦,杵臼牧場,ナダル,ペプチドルビー,24101729,1,コロナドズクエスト,鹿毛,6,-1,0,0,15,    89,     0, 0,   0.0,0,202610030804010110
261003,京都,1,11,未勝利*,ダ,1400,ヒルノアラゴン,牡,2,秋山稔樹,56.0,北出成人,栗,ヒルノ,村田牧場,ジャンダルム,タイセイアヴァンセ,24103913,1,ハービンジャー,鹿毛,6,-1,0,0,15,     0,     0, 0,   0.0,0,202610030804010111
261003,京都,1,12,未勝利*,ダ,1400,ジャスコヒラリアス,牡,2,斎藤新,56.0,高橋康之,栗,奥田貴敏,佐々木康治,リアルインパクト,プロポーズギフト,24100358,1,アグネスタキオン,鹿毛,7,-1,0,0,15,    89,     0, 0,   0.0,0,202610030804010112
261003,京都,1,13,未勝利*,ダ,1400,ジョルティーニ,牝,2,松山弘平,55.0,田中克典,栗,橋元勇氣,"Siena Farms LLC","Life Is Good","Joyful Addiction",24108221,1,Munnings,鹿毛,7,-1,0,0,15,   460,     0, 0,   0.0,0,202610030804010113
261003,京都,1,14,未勝利*,ダ,1400,レゾルートハート,牡,2,吉村誠之,56.0,畑端省吾,栗,吉田晴哉,社台コーポレーション白老ファーム,マインドユアビスケッツ,エヌワイパフューム,24106981,1,ジャスタウェイ,鹿毛,8,-1,0,0,15,     0,     0, 0,   0.0,0,202610030804010114
261003,京都,1,15,未勝利*,ダ,1400,ゴールデンレシオ,牡,2,柴田裕一,54.0,小椋研介,栗,京都ホースレーシング,高橋フアーム,モズアスコット,ベストレート,24104595,1,ゼンノロブロイ,栗毛,8,-1,0,0,15,   390,     0, 0,   0.0,0,202610030804010115
261003,京都,2, 1,未勝利*,芝,1800,イッペイ,牡,2,浜中俊,56.0,松永幹夫,栗,岡浩二,サンデーヒルズ,エフフォーリア,ゴールデンドックエー,24104442,1,"Unusual Heat",栗毛,1,-1,0,0,10,  1379,   400, 0,   0.0,0,202610030804010201
261003,京都,2, 2,未勝利*,芝,1800,レイディアントサン,牡,2,幸英明,56.0,安達昭夫,栗,福本純,山田昇史牧場,タワーオブロンドン,メガミ,24102372,1,シルバーステート,鹿毛,2,-1,0,0,10,     0,     0, 0,   0.0,0,202610030804010202
261003,京都,2, 3,未勝利*,芝,1800,メイショウジェード,牡,2,太宰啓介,56.0,本田優,栗,松本好隆,三嶋牧場,ダノンキングリー,メイショウブーケ,24102305,1,フレンチデピュティ,鹿毛,3,-1,0,0,10,   940,     0, 0,   0.0,0,202610030804010203
261003,京都,2, 4,未勝利*,芝,1800,レイデアルマス,牡,2,北村友一,56.0,杉山佳明,栗,サンデーレーシング,ノーザンファーム,ドレフォン,タッチングスピーチ,24106436,1,ディープインパクト,栗毛,4,-1,0,0,10,     0,     0, 0,   0.0,0,202610030804010204
261003,京都,2, 5,未勝利*,芝,1800,コルサロ,牡,2,斎藤新,56.0,中竹和也,栗,飯田貴大,千代田牧場,カレンブラックヒル,フェレッティ,24104709,1,ルーラーシップ,栗毛,5,-1,0,0,10,   167,     0, 0,   0.0,0,202610030804010205
261003,京都,2, 6,未勝利*,芝,1800,ワッザイカ,牡,2,松若風馬,56.0,松永幹夫,栗,山下良子,本田土寿,スワーヴリチャード,ローランダー,24108108,1,トゥザグローリー,栗毛,6,-1,0,0,10,    59,     0, 0,   0.0,0,202610030804010206
261003,京都,2, 7,未勝利*,芝,1800,リーベラーリア,牝,2,荻野極,55.0,高橋義忠,栗,OHEレーシング,ノーザンファーム,サートゥルナーリア,キラープレゼンス,24106268,1,ハーツクライ,栗毛,7,-1,0,0,10,   240,     0, 0,   0.0,0,202610030804010207
261003,京都,2, 8,未勝利*,芝,1800,ルーメンルーナエ,牡,2,川田将雅,56.0,中内田充,栗,社台レースホース,社台ファーム,エピファネイア,ルリアナ,24106080,1,Acclamation,鹿毛,7,-1,0,0,10,   399,     0, 0,   0.0,0,202610030804010208
261003,京都,2, 9,未勝利*,芝,1800,メイプルルビー,牝,2,吉村誠之,55.0,清水久詞,栗,節英司,静内山田牧場,エフフォーリア,ルリオン,24104535,1,キングカメハメハ,鹿毛,8,-1,0,0,10,     0,     0, 0,   0.0,0,202610030804010209
261003,京都,2,10,未勝利*,芝,1800,ウィクフォード,牡,2,西村淳也,56.0,高野友和,栗,シルクレーシング,ノーザンファーム,キタサンブラック,ウィクトーリア,24106183,1,ヴィクトワールピサ,鹿毛,8,-1,0,0,10,   369,     0, 0,   0.0,0,202610030804010210
261003,京都,3, 1,１勝ｸﾗｽ・牝,ダ,1400,スターフュージョン,牝,3,鮫島克駿,54.0,杉山佳明,栗,KRジャパン,社台コーポレーション白老ファーム,ナダル,ピースバーグ,23103808,1,Sageburg,鹿毛,1,-1,0,0,16,  1280,   400, 0,   0.0,0,202610030804010301
261003,京都,3, 2,１勝ｸﾗｽ・牝,ダ,1400,ワイズギャング,牝,3,古川吉洋,54.0,河嶋宏樹,栗,近藤克麿,丸幸小林牧場,ミスチヴィアスアレックス,レディギャング,23102208,1,クロフネ,芦毛,1,-1,0,0,16,  3136,   900, 0,   0.0,0,202610030804010302
261003,京都,3, 3,１勝ｸﾗｽ・牝,ダ,1400,メイショウホダワラ,牝,4,吉田隼人,56.0,荒川義之,栗,松本好隆,三嶋牧場,デクラレーションオブウォー,フェルトベルク,22103237,1,ブラックタイド,鹿毛,2,-1,0,0,16,  1143,   400, 0,   0.0,0,202610030804010303
261003,京都,3, 4,１勝ｸﾗｽ・牝,ダ,1400,トゥインクルピカ,牝,3,田山旺佑,53.0,四位洋文,栗,藤田晋,ノーザンファーム,サートゥルナーリア,アイムユアーズ,23105262,1,ファルブラヴ,栗毛,2,-1,0,0,16,   150,   400, 0,   0.0,0,202610030804010304
261003,京都,3, 5,１勝ｸﾗｽ・牝,ダ,1400,インピッシュ,牝,4,藤懸貴志,56.0,中尾秀正,栗,ノルマンディーサラブレッドレーシング,上野正恵,カレンブラックヒル,ショーエクセレント,22103469,1,ワイルドラッシュ,鹿毛,3,-1,0,0,16,   258,   360, 0,   0.0,0,202610030804010305
261003,京都,3, 6,１勝ｸﾗｽ・牝,ダ,1400,チリーゴールド,牝,4,菱田裕二,56.0,飯田祐史,栗,吉田一成,ノーザンファーム,オルフェーヴル,チリーシルバー,22104905,1,"Malibu Moon",栗毛,3,-1,0,0,16,   434,   120, 0,   0.0,0,202610030804010306
261003,京都,3, 7,１勝ｸﾗｽ・牝,ダ,1400,イーブンベター,牝,4,国分恭介,56.0,牧浦充徳,栗,グリーンファーム,那須野,リアルスティール,サムシングジャスト,22106540,1,ヴィクトワールピサ,鹿毛,4,-1,0,0,16,  1210,   400, 0,   0.0,0,202610030804010307
261003,京都,3, 8,１勝ｸﾗｽ・牝,ダ,1400,テーオーアンジェラ,牝,3,柴田裕一,52.0,梅田智之,栗,小笹公也,新冠橋本牧場,ゴールドドリーム,クローバーリーフ,23107378,1,タニノギムレット,鹿毛,4,-1,0,0,16,   334,   400, 0,   0.0,0,202610030804010308
261003,京都,3, 9,１勝ｸﾗｽ・牝,ダ,1400,オンザマーチ,牝,3,小沢大仁,54.0,今野貞一,栗,下河辺隆行,下河辺牧場,フォーウィールドライブ,パレード,23100956,1,ディープインパクト,鹿毛,5,-1,0,0,16,   750,   400, 0,   0.0,0,202610030804010309
261003,京都,3,10,１勝ｸﾗｽ・牝,ダ,1400,リンゲルブルーメ,牝,4,和田陽希,53.0,佐藤悠太,栗,キャロットファーム,ノーザンファーム,ドレフォン,ブルーメンブラット,22105011,1,アドマイヤベガ,黒鹿,5,-1,0,0,16,  1813,   400, 0,   0.0,0,202610030804010310
261003,京都,3,11,１勝ｸﾗｽ・牝,ダ,1400,ヒルノプーリア,牝,3,秋山稔樹,54.0,北出成人,栗,ヒルノ,サカイファーム,ミスチヴィアスアレックス,ヒルノケアンズ,23106388,1,ハーツクライ,鹿毛,6,-1,0,0,16,  2114,   400, 0,   0.0,0,202610030804010311
261003,京都,3,12,１勝ｸﾗｽ・牝,ダ,1400,ショウナンラウール,牝,5,永島まな,54.0,高橋義忠,栗,国本哲秀,西村牧場,ショウナンバッハ,ショウナンマライア,21104242,1,クロフネ,鹿毛,6,-1,0,0,16,  2490,   400, 0,   0.0,0,202610030804010312
261003,京都,3,13,１勝ｸﾗｽ・牝,ダ,1400,キンダープンシュ,牝,3,Ｍ．デム,54.0,大久保龍,栗,キャロットファーム,ノーザンファーム,モーリス,グリューヴァイン,23106989,1,ゴールドアリュール,栗毛,7,-1,0,0,16,  1353,   400, 0,   0.0,0,202610030804010313
261003,京都,3,14,１勝ｸﾗｽ・牝,ダ,1400,ダンシングドール,牝,3,松若風馬,54.0,牧田和弥,栗,内田玄祥,びらとり牧場,ヴァンセンヌ,カラオケスナック,23106127,1,スタチューオブリバティ,鹿毛,7,-1,0,0,16,  1598,   400, 0,   0.0,0,202610030804010314
261003,京都,3,15,１勝ｸﾗｽ・牝,ダ,1400,ヴァカンツァ,牝,4,角田大和,56.0,高橋亮,栗,カナヤマホールディングス,藤春修二,ルヴァンスレーヴ,ナショナルホリデー,22100416,1,ダンスインザダーク,黒鹿,8,-1,0,0,16,   997,   400, 0,   0.0,0,202610030804010315
261003,京都,3,16,１勝ｸﾗｽ・牝,ダ,1400,ルルフィーユ,牝,5,森田誠也,53.0,谷潔,栗,酒井孝敏,谷川牧場,マクフィ,デューフォール,21102894,1,"Medaglia d'Oro",鹿毛,8,-1,0,0,16,   856,   490, 0,   0.0,0,202610030804010316
261003,京都,4, 1,新馬,ダ,1800,アルピグレン,牡,2,田口貫太,56.0,吉岡辰弥,栗,フォレストレーシング,ノーザンファーム,マインドユアビスケッツ,ドゥラモット,24106484,1,ルーラーシップ,黒鹿,1,-1,0,0,14,     0,     0, 0,   0.0,0,202610030804010401
261003,京都,4, 2,新馬,ダ,1800,ハイファイネスト,牡,2,鮫島克駿,56.0,矢作芳人,栗,江馬由将,ノーザンファーム,"Gun Runner",アーモニーズエンジェル,24106163,1,"To Honor and Serve",栗毛,2,-1,0,0,14,   120,     0, 0,   0.0,0,202610030804010402
261003,京都,4, 3,新馬,ダ,1800,ビヨンドザスカイ,牡,2,小崎綾也,56.0,福永祐一,栗,前田幸大,ノースヒルズ,コントレイル,ミセスフィッツハーバート,24103486,1,Kingman,黒鹿,3,-1,0,0,14,     0,     0, 0,   0.0,0,202610030804010403
261003,京都,4, 4,新馬,ダ,1800,タンバゲッコー,牡,2,藤懸貴志,56.0,梅田智之,栗,荻野憲夫,梅田牧場,マクフィ,トラストフェアリー,24102427,1,ケイムホーム,黒鹿,3,-1,0,0,14,     0,     0, 0,   0.0,0,202610030804010404
261003,京都,4, 5,新馬,ダ,1800,モンサンブラヴール,牡,2,柴田裕一,54.0,中竹和也,栗,山下新一,大作ステーブル,ルヴァンスレーヴ,スズカシャンティー,24108156,1,"Giant's Causeway",栗毛,4,-1,0,0,14,     0,     0, 0,   0.0,0,202610030804010405
261003,京都,4, 6,新馬,ダ,1800,ガジュノリプリンス,牡,2,坂井瑠星,56.0,尾形和幸,美,中谷典生,チャンピオンズファーム,モーリス,ガジュマル,24100729,1,ヴィクトワールピサ,鹿毛,4,-1,0,0,14,     0,     0, 0,   0.0,0,202610030804010406
261003,京都,4, 7,新馬,ダ,1800,ユウキサン,牝,2,荻野琢真,55.0,大久保龍,栗,天野克彦,川向高橋育成牧場,チュウワウィザード,シャイニーレディ,24101320,1,ゴールドアリュール,黒鹿,5,-1,0,0,14,     0,     0, 0,   0.0,0,202610030804010407
261003,京都,4, 8,新馬,ダ,1800,デラスゴイガン,牡,2,松山弘平,56.0,橋口慎介,栗,前田晋二,ノースヒルズ,ジャスタウェイ,アンラッシュ,24103439,1,ノヴェリスト,鹿毛,5,-1,0,0,14,   780,   400, 0,   0.0,0,202610030804010408
261003,京都,4, 9,新馬,ダ,1800,トラモンターナ,牡,2,斎藤新,56.0,斎藤誠,美,村野康司,下河辺牧場,ルヴァンスレーヴ,ジャルディナージュ,24100443,1,Bernardini,鹿毛,6,-1,0,0,14,    78,     0, 0,   0.0,0,202610030804010409
261003,京都,4,10,新馬,ダ,1800,サンライズビッグ,牡,2,Ｍ．デム,56.0,安田翔伍,栗,松岡隆雄,前野牧場,オメガパフューム,リトミックグルーヴ,24101100,1,タートルボウル,芦毛,6,-1,0,0,14,     0,     0, 0,   0.0,0,202610030804010410
261003,京都,4,11,新馬,ダ,1800,タガノクレーキング,牡,2,古川吉洋,56.0,宮徹,栗,八木良司,新冠タガノファーム,サンダースノー,ボディーダンシング,24103390,1,ホワイトマズル,鹿毛,7,-1,0,0,14,     0,     0, 0,   0.0,0,202610030804010411
261003,京都,4,12,新馬,ダ,1800,バルチックアンバー,牡,2,西村淳也,56.0,奥村豊,栗,キャロットファーム,丸村村下ファーム,ナダル,コハクトウ,24102811,1,ルーラーシップ,鹿毛,7,-1,0,0,14,   200,     0, 0,   0.0,0,202610030804010412
261003,京都,4,13,新馬,ダ,1800,ベラジオアゲーラ,牡,2,北村友一,56.0,上村洋行,栗,ベラジオレーシング,社台コーポレーション白老ファーム,クリソベリル,サンヴァンサン,24107002,1,クロフネ,栗毛,8,-1,0,0,14,   310,     0, 0,   0.0,0,202610030804010413
261003,京都,4,14,新馬,ダ,1800,ロイヤルガミーヌ,牝,2,浜中俊,55.0,四位洋文,栗,エースレーシング,三嶋牧場,ルヴァンスレーヴ,ダイヤモンドハイ,24102256,1,アドマイヤムーン,鹿毛,8,-1,0,0,14,     0,     0, 0,   0.0,0,202610030804010414
261003,京都,5, 1,新馬,芝,1600,マルカクラック,牝,2,松若風馬,55.0,浜田多実,栗,日下部猛,社台ファーム,オルフェーヴル,メインターゲット,24106050,1,ダイワメジャー,栗毛,1,-1,0,0,16,   120,     0, 0,   0.0,0,202610030804010501
261003,京都,5, 2,新馬,芝,1600,トロフィーズ,牝,2,Ｍ．デム,55.0,杉山晴紀,栗,飯田良枝,千代田牧場,エピファネイア,オリーブティアラ,24104670,1,キングカメハメハ,鹿毛,1,-1,0,0,16,    78,     0, 0,   0.0,0,202610030804010502
261003,京都,5, 3,新馬,芝,1600,ナリタトップライト,牡,2,幸英明,56.0,宮本博,栗,オースミ,白井牧場,ダノンスマッシュ,ナリタスカイ,24100513,1,ディープインパクト,黒鹿,2,-1,0,0,16,     0,     0, 0,   0.0,0,202610030804010503
261003,京都,5, 4,新馬,芝,1600,パンプルネル,牡,2,川田将雅,56.0,斉藤崇史,栗,角田明子,ノーザンファーム,ドレフォン,ゲンティアナ,24106305,1,ディープインパクト,鹿毛,2,-1,0,0,16,     0,     0, 0,   0.0,0,202610030804010504
261003,京都,5, 5,新馬,芝,1600,ウィリーウィリー,牡,2,中井裕二,56.0,森田直行,栗,中村祐子,ケイアイファーム,ダノンスマッシュ,ウィンディスペル,24105274,1,ディープインパクト,鹿毛,3,-1,0,0,16,     0,     0, 0,   0.0,0,202610030804010505
261003,京都,5, 6,新馬,芝,1600,ガランテリア,牡,2,浜中俊,56.0,西村真幸,栗,キャロットファーム,ノーザンファーム,モーリス,エレガンテレイナ,24106238,1,キンシャサノキセキ,鹿毛,3,-1,0,0,16,     0,     0, 0,   0.0,0,202610030804010506
261003,京都,5, 7,新馬,芝,1600,メイショウソレイユ,牡,2,田口貫太,56.0,大橋勇樹,栗,松本好隆,まるとみ冨岡牧場,ヴァンゴッホ,メイショウサイウン,24102207,1,ハービンジャー,鹿毛,4,-1,0,0,16,     0,     0, 0,   0.0,0,202610030804010507
261003,京都,5, 8,新馬,芝,1600,コスモフィデリタス,牡,2,小崎綾也,56.0,青木孝文,美,ブルースターズファーム,ブルースターズファーム,ダノンバラード,マーマレードガール,24103652,1,タイキシャトル,鹿毛,4,-1,0,0,16,     0,     0, 0,   0.0,0,202610030804010508
261003,京都,5, 9,新馬,芝,1600,ディープリメンバー,牡,2,古川吉洋,56.0,四位洋文,栗,深見敏男,北島牧場,ダノンキングリー,ノスタルジア,24101334,1,ノヴェリスト,黒鹿,5,-1,0,0,16,   310,     0, 0,   0.0,0,202610030804010509
261003,京都,5,10,新馬,芝,1600,マジュリス,牝,2,柴田裕一,53.0,吉田直弘,栗,京都ホースレーシング,賀張中川牧場,アルアイン,ソーシャライツ,24100216,1,ジャングルポケット,鹿毛,5,-1,0,0,16,     0,     0, 0,   0.0,0,202610030804010510
261003,京都,5,11,新馬,芝,1600,レッドシーカー,セ,2,松山弘平,56.0,池江泰寿,栗,東京ホースレーシング,ノーザンファーム,アルアイン,デサフィアンテ,24106473,1,キングカメハメハ,鹿毛,6,-1,0,0,16,   780,   400, 0,   0.0,0,202610030804010511
261003,京都,5,12,新馬,芝,1600,リバティユニバンス,牡,2,斎藤新,56.0,小林真也,栗,亀井哲也,追分ファーム,サリオス,ネグローニ,24106917,1,ドゥラメンテ,栗毛,6,-1,0,0,16,     0,     0, 0,   0.0,0,202610030804010512
261003,京都,5,13,新馬,芝,1600,サンデーアダチ,牡,2,西村淳也,56.0,辻野泰之,栗,柳田悠岐,三嶋牧場,モーリス,ラヴアンドフェイス,24102313,1,Corinthian,栗毛,7,-1,0,0,16,     0,     0, 0,   0.0,0,202610030804010513
261003,京都,5,14,新馬,芝,1600,コスモクレアシオン,牝,2,鮫島克駿,55.0,宮徹,栗,ビッグレッドファーム,谷川牧場,キタサンブラック,チックニステル,24101872,1,"Van Nistelrooy",鹿毛,7,-1,0,0,16,     0,     0, 0,   0.0,0,202610030804010514
261003,京都,5,15,新馬,芝,1600,ポネンテ,牝,2,田山旺佑,54.0,高橋亮,栗,ノースヒルズ,ノースヒルズ,コントレイル,ヴェントス,24103445,1,ウォーエンブレム,鹿毛,8,-1,0,0,16,   200,     0, 0,   0.0,0,202610030804010515
261003,京都,5,16,新馬,芝,1600,サンマルボニータ,牡,2,酒井学,56.0,大橋勇樹,栗,相馬勇,王蔵牧場,イスラボニータ,タマノジュメイラ,24102441,1,ダンカーク,黒鹿,8,-1,0,0,16,     0,     0, 0,   0.0,0,202610030804010516
261003,京都,6, 1,１勝ｸﾗｽ,芝,2000,ノンブルドール,牡,3,西村淳也,56.0,西園翔太,栗,キャロットファーム,ノーザンファーム,レイデオロ,オーロトラジェ,23106941,1,オルフェーヴル,鹿毛,1,-1,0,0,17,  2154,   400, 0,   0.0,0,202610030804010601
261003,京都,6, 2,１勝ｸﾗｽ,芝,2000,メイショウショカツ,牡,3,幸英明,56.0,石橋守,栗,松本好隆,戸川牧場,リオンディーズ,マルニ,23101207,1,スクリーンヒーロー,青鹿,1,-1,0,0,17,  1236,   400, 0,   0.0,0,202610030804010602
261003,京都,6, 3,１勝ｸﾗｽ,芝,2000,ゴーゴーリチャード,牡,3,浜中俊,56.0,庄野靖志,栗,吉田勝利,"Blooming Farm",スワーヴリチャード,ベルモンタージュ,23101399,1,アフリート,栗毛,2,-1,0,0,17,   750,   400, 0,   0.0,0,202610030804010603
261003,京都,6, 4,１勝ｸﾗｽ,芝,2000,ガウディ,牡,3,松山弘平,56.0,上村洋行,栗,近藤英子,レイクヴィラファーム,レイデオロ,グラディーヴァ,23105897,1,ハービンジャー,栗毛,2,-1,0,0,17,  1230,   400, 0,   0.0,0,202610030804010604
261003,京都,6, 5,１勝ｸﾗｽ,芝,2000,ロングトールサリー,牝,3,川田将雅,54.0,福永祐一,栗,エムズレーシング,ノーザンファーム,キタサンブラック,グローバルビューティ,23106995,1,"Global Hunter",鹿毛,3,-1,0,0,17,  1482,   400, 0,   0.0,0,202610030804010605
261003,京都,6, 6,１勝ｸﾗｽ,芝,2000,ページターナー,牡,3,吉村誠之,56.0,中内田充,栗,金子真人ホールディングス,ノーザンファーム,エピファネイア,コールバック,23105287,1,"Street Sense",鹿毛,3,-1,0,0,17,   750,   400, 0,   0.0,0,202610030804010606
261003,京都,6, 7,１勝ｸﾗｽ,芝,2000,アスクメークシェア,牡,6,森田誠也,55.0,前川恭子,栗,廣崎利洋,"ASK STUD",ロードカナロア,ディープインアスク,20101029,1,ディープインパクト,鹿毛,4,-1,0,0,17,  1131,   400, 0,   0.0,0,202610030804010607
261003,京都,6, 8,１勝ｸﾗｽ,芝,2000,ダンツウルス,牡,3,田口貫太,56.0,谷潔,栗,山元哲二,千代田牧場,リアルスティール,コゴメユキ,23102901,1,"Liam's Map",鹿毛,4,-1,0,0,17,  2136,   400, 0,   0.0,0,202610030804010608
261003,京都,6, 9,１勝ｸﾗｽ,芝,2000,クラウディアイ,牡,4,小沢大仁,58.0,橋口慎介,栗,ケイズジャパン,笠松牧場,サートゥルナーリア,モンクール,22100099,1,ディープインパクト,青鹿,5,-1,0,0,17,  3602,   400, 0,   0.0,0,202610030804010609
261003,京都,6,10,１勝ｸﾗｽ,芝,2000,キッコベッロ,牡,3,荻野極,56.0,友道康夫,栗,モンレーヴ,三嶋牧場,"Study of Man",アマダブラム2,23104996,1,"Scat Daddy",青毛,5,-1,0,0,17,  3090,   900, 0,   0.0,0,202610030804010610
261003,京都,6,11,１勝ｸﾗｽ,芝,2000,ロットブラータ,牡,4,Ｍ．デム,58.0,平田修,栗,丸山担,ノーザンファーム,エピファネイア,エマノン,22104688,1,ハーツクライ,黒鹿,6,-1,0,0,17,  2340,   400, 0,   0.0,0,202610030804010611
261003,京都,6,12,１勝ｸﾗｽ,芝,2000,ムスクレスト,牡,3,鮫島克駿,56.0,安田翔伍,栗,前田葉子,ノースヒルズ,コントレイル,ノイーヴァ,23104402,1,"Temple City",青鹿,6,-1,0,0,17,  1599,   400, 0,   0.0,0,202610030804010612
261003,京都,6,13,１勝ｸﾗｽ,芝,2000,カットソロ,牡,3,坂井瑠星,56.0,矢作芳人,栗,藤田晋,村田牧場,コントレイル,スルターナ,23105404,1,キングヘイロー,青鹿,7,-1,0,0,17,  1290,   400, 0,   0.0,0,202610030804010613
261003,京都,6,14,１勝ｸﾗｽ,芝,2000,サンダーバード,牝,3,今村聖奈,52.0,武幸四郎,栗,藤田晋,ノーザンファーム,エピファネイア,サロニカ,23105292,1,ディープインパクト,青鹿,7,-1,0,0,17,  1392,   400, 0,   0.0,0,202610030804010614
261003,京都,6,15,１勝ｸﾗｽ,芝,2000,コレデヨカロウ,牡,3,柴田裕一,54.0,角田晃一,栗,大田恭充,宝寄山拓樹,グレーターロンドン,ティーブラウニー,23101414,1,ホワイトマズル,黒鹿,8,-1,0,0,17,    82,   400, 0,   0.0,0,202610030804010615
261003,京都,6,16,１勝ｸﾗｽ,芝,2000,リガーレ,牡,4,北村友一,58.0,池江泰寿,栗,DMMドリームクラブ,矢野牧場,キズナ,シスタリーラヴ,22104556,1,"Bellamy Road",鹿毛,8,-1,0,0,17,  1700,   400, 0,   0.0,0,202610030804010616
261003,京都,6,17,１勝ｸﾗｽ,芝,2000,パラディオン,牡,3,松若風馬,56.0,高柳大輔,栗,広尾レース,木村秀則,レイデオロ,ステラリード,23106392,1,スペシャルウィーク,栗毛,8,-1,0,0,17,   832,   400, 0,   0.0,0,202610030804010617
261003,京都,7, 1,１勝ｸﾗｽ,ダ,1400,スズノソレイユ,牡,4,藤懸貴志,58.0,平田修,栗,小紫嘉之,ハクツ牧場,ディスクリートキャット,グラヴィオーラ,22106673,1,サウスヴィグラス,鹿毛,1,-1,0,0,16,   784,   400, 0,   0.0,0,202610030804010701
261003,京都,7, 2,１勝ｸﾗｽ,ダ,1400,テーオーノーベル,牡,4,菱田裕二,58.0,岡田稲男,栗,小笹公也,田上徹,ロードカナロア,ジャストアスミッジ,22100725,1,"Into Mischief",芦毛,1,-1,0,0,16,   510,   400, 0,   0.0,0,202610030804010702
261003,京都,7, 3,１勝ｸﾗｽ,ダ,1400,ジーティーシップ,牡,3,国分恭介,56.0,緒方努,栗,田畑利彦,坂東牧場,ルーラーシップ,レジーナファースト,23106054,1,キンシャサノキセキ,鹿毛,2,-1,0,0,16,    84,   400, 0,   0.0,0,202610030804010703
261003,京都,7, 4,１勝ｸﾗｽ,ダ,1400,ダノンクロム,牡,6,西村淳也,58.0,東田明士,栗,ダノックス,社台コーポレーション白老ファーム,ハーツクライ,セデュイール2,20102675,1,"Elusive Quality",栗毛,2,-1,0,0,16,  3045,   500, 0,   0.0,0,202610030804010704
261003,京都,7, 5,１勝ｸﾗｽ,ダ,1400,パンサーズ,牡,3,松若風馬,56.0,今野貞一,栗,宇治田原優駿ステーブル,新冠タガノファーム,ダノンプレミアム,タガノフラッデル,23104325,1,ルーラーシップ,黒鹿,3,-1,0,0,16,  1590,   900, 0,   0.0,0,202610030804010705
261003,京都,7, 6,１勝ｸﾗｽ,ダ,1400,メイショウハッブル,牡,5,河原田菜,54.0,石橋守,栗,松本好隆,中脇一幸,グレーターロンドン,メイショウルナ,21102550,1,スタチューオブリバティ,鹿毛,3,-1,0,0,16,  1873,   400, 0,   0.0,0,202610030804010706
261003,京都,7, 7,１勝ｸﾗｽ,ダ,1400,ブロンテス,牡,3,幸英明,56.0,大根田裕,栗,奥雅哉,山岡牧場,ミスチヴィアスアレックス,バーニングハート,23104752,1,ストラヴィンスキー,鹿毛,4,-1,0,0,16,  1840,   400, 0,   0.0,0,202610030804010707
261003,京都,7, 8,１勝ｸﾗｽ,ダ,1400,リーグナイト,牡,3,田山旺佑,55.0,新谷功一,栗,ノースヒルズ,ノースヒルズ,キズナ,サリエル,23106284,1,キングカメハメハ,鹿毛,4,-1,0,0,16,   946,   400, 0,   0.0,0,202610030804010708
261003,京都,7, 9,１勝ｸﾗｽ,ダ,1400,マテンロウミラクル,牡,5,富田暁,58.0,柴田卓,栗,寺田千代乃,秋田牧場,カリフォルニアクローム,レイナカスターニャ,21105993,1,キングカメハメハ,栗毛,5,-1,0,0,16,   960,   180, 0,   0.0,0,202610030804010709
261003,京都,7,10,１勝ｸﾗｽ,ダ,1400,サンライズタイソン,牡,6,荻野琢真,58.0,平田修,栗,ライフハウス,下河辺牧場,モーリス,マイアトラクション,20101597,1,ディープインパクト,鹿毛,5,-1,0,0,16,  1170,   400, 0,   0.0,0,202610030804010710
261003,京都,7,11,１勝ｸﾗｽ,ダ,1400,フレイムスター,牡,3,吉村誠之,56.0,清水久詞,栗,辻子依旦,ヤナガワ牧場,ドレフォン,テーオーヴィーナス,23101577,1,ディープインパクト,鹿毛,6,-1,0,0,16,  1496,   400, 0,   0.0,0,202610030804010711
261003,京都,7,12,１勝ｸﾗｽ,ダ,1400,クリコファルコン,牡,3,森田誠也,53.0,谷潔,栗,栗本依利子,横井哲,アジアエクスプレス,モエレエターナル,23101610,1,ゴールドヘイロー,黒鹿,6,-1,0,0,16,   540,   400, 0,   0.0,0,202610030804010712
261003,京都,7,13,１勝ｸﾗｽ,ダ,1400,セヴェンヌ,牝,3,浜中俊,54.0,藤野健太,栗,フォレストレーシング,高柳隆男,クリソベリル,プリンシアルーチェ,23101062,1,ヘニーヒューズ,鹿毛,7,-1,0,0,16,   486,   400, 0,   0.0,0,202610030804010713
261003,京都,7,14,１勝ｸﾗｽ,ダ,1400,ペプチドレオン,牡,3,坂井瑠星,56.0,武英智,栗,沼川一彦,杵臼牧場,ディープブリランテ,ペプチドスピカ,23104876,1,ヨハネスブルグ,鹿毛,7,-1,0,0,16,  1752,   400, 0,   0.0,0,202610030804010714
261003,京都,7,15,１勝ｸﾗｽ,ダ,1400,ゴディアンフィンチ,牡,3,斎藤新,56.0,安田翔伍,栗,G1レーシング,社台コーポレーション白老ファーム,シスキン,カラフルデイズ,23103764,1,フジキセキ,黒鹿,8,-1,0,0,16,  1046,   400, 0,   0.0,0,202610030804010715
261003,京都,7,16,１勝ｸﾗｽ,ダ,1400,オーライカモン,牡,3,亀田温心,56.0,田中克典,栗,SSレーシング,三嶋牧場,ダノンキングリー,サラーバ,23105011,1,"New Approach",黒鹿,8,-1,0,0,16,   870,   400, 0,   0.0,0,202610030804010716
261003,京都,8, 1,２勝ｸﾗｽ,芝,2000,ロゼル,牡,6,田山旺佑,57.0,大和田成,美,田中純一,杵臼牧場,シルバーステート,レーヌユニヴェール,20106415,1,タイキシャトル,青鹿,1,-1,0,0,11,  4641,   900, 0,   0.0,0,202610030804010801
261003,京都,8, 2,２勝ｸﾗｽ,芝,2000,エコテーラー,牝,5,藤懸貴志,56.0,石橋守,栗,中西浩一,ヴェルサイユファーム,スワーヴリチャード,ジョウノカーラ,21101116,1,"Dylan Thomas",栗毛,2,-1,0,0,11,  4603,  1000, 0,   0.0,0,202610030804010802
261003,京都,8, 3,２勝ｸﾗｽ,芝,2000,オモイヲノセテ,牝,3,幸英明,54.0,高橋義忠,栗,ターフ・スポート,大狩部牧場,ベンバトル,ピカロ,23103996,1,スズカマンボ,鹿毛,3,-1,0,0,11,  1770,   900, 0,   0.0,0,202610030804010803
261003,京都,8, 4,２勝ｸﾗｽ,芝,2000,サトノアイボリー,牡,3,川田将雅,56.0,杉山晴紀,栗,里見治,千代田牧場,エピファネイア,ホエールキャプチャ,23105380,1,クロフネ,芦毛,4,-1,0,0,11,  3270,   900, 0,   0.0,0,202610030804010804
261003,京都,8, 5,２勝ｸﾗｽ,芝,2000,ブレットパス,牡,3,荻野極,56.0,中内田充,栗,キャロットファーム,ノーザンファーム,アルアイン,パッシングスルー,23107157,1,ルーラーシップ,鹿毛,5,-1,0,0,11,  4740,  1500, 0,   0.0,0,202610030804010805
261003,京都,8, 6,２勝ｸﾗｽ,芝,2000,サミダレナイツ,牡,4,酒井学,58.0,谷潔,栗,東豊物産,竹島幸治,トーホウジャッカル,トーホウビスカヤ,22101605,1,ストリートセンス,鹿毛,6,-1,0,0,11,  2538,   900, 0,   0.0,0,202610030804010806
261003,京都,8, 7,２勝ｸﾗｽ,芝,2000,イベントホライゾン,牡,3,松山弘平,56.0,池江泰寿,栗,金子真人ホールディングス,ノーザンファーム,ハービンジャー,ライツェント,23107287,1,スペシャルウィーク,鹿毛,6,-1,0,0,11,  2749,   900, 0,   0.0,0,202610030804010807
261003,京都,8, 8,２勝ｸﾗｽ,芝,2000,ヨシヒロ,牡,4,小崎綾也,58.0,松永康利,美,Mr.ホース,秋田育成牧場,ルヴァンスレーヴ,デオ,22103405,1,フサイチコンコルド,黒鹿,7,-1,0,0,11,     0,   700, 0,   0.0,0,202610030804010808
261003,京都,8, 9,２勝ｸﾗｽ,芝,2000,アクロフェイズ,牡,3,西村淳也,56.0,奥村豊,栗,キャロットファーム,ノーザンファーム,ロードカナロア,クルミネイト,23106978,1,ディープインパクト,鹿毛,7,-1,0,0,11,  4420,   900, 0,   0.0,0,202610030804010809
261003,京都,8,10,２勝ｸﾗｽ,芝,2000,キタノファーンヒル,牝,3,富田暁,54.0,加藤公太,栗,北所直人,中脇一幸,ヴァンゴッホ,ロマンザ,23104820,1,ヴィクトワールピサ,鹿毛,8,-1,0,0,11,     0,   900, 0,   0.0,0,202610030804010810
261003,京都,8,11,２勝ｸﾗｽ,芝,2000,ミカエルパシャ,牡,5,北村友一,58.0,橋口慎介,栗,迫田三果子,チャンピオンズファーム,エピファネイア,ピースオブラヴ,21101751,1,マイネルラヴ,黒鹿,8,-1,0,0,11,  3488,   900, 0,   0.0,0,202610030804010811
261003,京都,9, 1,りんどう･1勝,芝,1400,ベニバナ,牝,2,田山旺佑,55.0,渡辺薫彦,栗,岡浩二,サンデーヒルズ,モーリス,ファートゥア,24104447,1,エピファネイア,鹿毛,1,-1,0,0,8,   960,   400, 0,   0.0,0,202610030804010901
261003,京都,9, 2,りんどう･1勝,芝,1400,エストレアボニータ,牝,2,今村聖奈,55.0,武井亮,美,G1レーシング,追分ファーム,イスラボニータ,オリヒメ,24106882,1,"Majestic Warrior",栗毛,2,-1,0,0,8,   790,   400, 0,   0.0,0,202610030804010902
261003,京都,9, 3,りんどう･1勝,芝,1400,ギャルズマインド,牝,2,浜中俊,55.0,武幸四郎,栗,藤田晋,ノーザンファーム,ロードカナロア,ダンダラ,24106450,1,"Dandy Man",鹿毛,3,-1,0,0,8,   790,   400, 0,   0.0,0,202610030804010903
261003,京都,9, 4,りんどう･1勝,芝,1400,セイウンリリーナ,牝,2,幸英明,55.0,水野貴広,美,西山茂行,村上欽哉牧場,ダノンスマッシュ,セイウンリリシイ,24103842,1,ダイワメジャー,鹿毛,4,-1,0,0,8,   880,   400, 0,   0.0,0,202610030804010904
261003,京都,9, 5,りんどう･1勝,芝,1400,ショウナンカノア,牝,2,吉村誠之,55.0,清水久詞,栗,国本哲秀,ノーザンファーム,ドレフォン,カイルアコナ,24106248,1,キンシャサノキセキ,鹿毛,5,-1,0,0,8,   704,   400, 0,   0.0,0,202610030804010905
261003,京都,9, 6,りんどう･1勝,芝,1400,ヴィヴェローネ,牝,2,松山弘平,55.0,高野友和,栗,社台レースホース,社台コーポレーション白老ファーム,サートゥルナーリア,ヴァイブランス,24106976,1,Violence,青鹿,6,-1,0,0,8,  1250,   400, 0,   0.0,0,202610030804010906
261003,京都,9, 7,りんどう･1勝,芝,1400,ラムラベイ,牝,2,松若風馬,55.0,東田明士,栗,社台レースホース,社台ファーム,リアルインパクト,インラグジュアリー,24105758,1,Frankel,鹿毛,7,-1,0,0,8,  1920,   900, 0,   0.0,0,202610030804010907
261003,京都,9, 8,りんどう･1勝,芝,1400,ルジュエ,牝,2,田野豊三,55.0,渡瀬寛彰,地,藤沼利夫,飛野牧場,シャンハイボビー,オールフラッグズフライング,24104751,1,"War Front",青鹿,8,-1,0,0,8,     0,   270, 0,   0.0,0,202610030804010908
261003,京都,10, 1,大山崎Ｓ･3勝,ダ,1200,ヤマニンシュラ,牡,4,Ｍ．デム,58.0,斉藤崇史,栗,土井肇,錦岡牧場,ダイワメジャー,ヤマニンアタシャン,22106604,1,フレンチデピュティ,栗毛,1,-1,0,0,16,  3800,  1500, 0,   0.0,0,202610030804011001
261003,京都,10, 2,大山崎Ｓ･3勝,ダ,1200,スペシャルナンバー,牡,7,鮫島克駿,58.0,西村真幸,栗,ヒダカ・ブリーダーズ・ユニオン,辻牧場,リオンディーズ,エスジーアンクル,19103825,1,シニスターミニスター,黒鹿,1,-1,0,0,16,  4955,  1160, 0,   0.0,0,202610030804011002
261003,京都,10, 3,大山崎Ｓ･3勝,ダ,1200,ハヤテノツバサ,牡,4,斎藤新,58.0,杉山佳明,栗,佐藤範夫,高昭牧場,マジェスティックウォリアー,フジインザスカイ,22100194,1,ディープスカイ,栗毛,2,-1,0,0,16,  3906,  1500, 0,   0.0,0,202610030804011003
261003,京都,10, 4,大山崎Ｓ･3勝,ダ,1200,イマージョン,牡,4,西村淳也,58.0,高野友和,栗,キャロットファーム,ノーザンファーム,ロードカナロア,アディクティド,22104600,1,Diktat,黒鹿,2,-1,0,0,16,  4755,  1500, 0,   0.0,0,202610030804011004
261003,京都,10, 5,大山崎Ｓ･3勝,ダ,1200,ライジン,牡,6,松若風馬,58.0,池添学,栗,LEVELーK,浜本牧場,Speightstown,ケンジントン2,20107082,1,"Kitten's Joy",栗毛,3,-1,0,0,16,  5078,  1500, 0,   0.0,0,202610030804011005
261003,京都,10, 6,大山崎Ｓ･3勝,ダ,1200,ウルスクローム,牡,4,田口貫太,58.0,大橋勇樹,栗,村上憲政,岡田牧場,カリフォルニアクローム,プリンセスバリュー,22103630,1,サウスヴィグラス,栗毛,3,-1,0,0,16,  6495,  1500, 0,   0.0,0,202610030804011006
261003,京都,10, 7,大山崎Ｓ･3勝,ダ,1200,メイショウヤーキス,牡,5,菱田裕二,58.0,飯田祐史,栗,松本好隆,磯野牧場,シニスターミニスター,メイショウスコール,21102573,1,メイショウオウドウ,黒鹿,4,-1,0,0,16,  4292,  1500, 0,   0.0,0,202610030804011007
261003,京都,10, 8,大山崎Ｓ･3勝,ダ,1200,アメリカンチケット,セ,5,小崎綾也,58.0,藤原英昭,栗,吉澤ホールディングス,"Triemore Stud",Justify,"A Z Warrior",21110122,1,Bernardini,鹿毛,4,-1,0,0,16,  5625,  2400, 0,   0.0,0,202610030804011008
261003,京都,10, 9,大山崎Ｓ･3勝,ダ,1200,ビルカール,牡,6,北村友一,58.0,水野貴広,美,野村茂雄,サンローゼン,ミッキーアイル,サンシャインキッス,20105250,1,ストリートセンス,黒鹿,5,-1,0,0,16,  4448,  1500, 0,   0.0,0,202610030804011009
261003,京都,10,10,大山崎Ｓ･3勝,ダ,1200,カミーロ,牡,6,角田大和,58.0,石橋守,栗,カナヤマホールディングス,原田ファーム,リオンディーズ,ノースキャット,20102027,1,ディープスカイ,青鹿,5,-1,0,0,16,  5110,  1500, 0,   0.0,0,202610030804011010
261003,京都,10,11,大山崎Ｓ･3勝,ダ,1200,テーオーグレーザー,牡,3,松山弘平,57.0,藤岡健一,栗,小笹公也,松木加代,マテラスカイ,マリンブラスト,23104562,1,アグネスデジタル,栗毛,6,-1,0,0,16,  4840,  1500, 0,   0.0,0,202610030804011011
261003,京都,10,12,大山崎Ｓ･3勝,ダ,1200,トーアジョウトウ,セ,4,荻野極,58.0,村田一誠,美,高山ランド,トーア牧場,モズアスコット,トーアポリネシア,22105905,1,キンシャサノキセキ,鹿毛,6,-1,0,0,16,  3380,  1500, 0,   0.0,0,202610030804011012
261003,京都,10,13,大山崎Ｓ･3勝,ダ,1200,ディニトーソ,牡,4,長岡禎仁,58.0,辻野泰之,栗,ノルマンディーサラブレッドレーシング,高橋フアーム,ディーマジェスティ,ウォータームージカ,22104004,1,フレンチデピュティ,栗毛,7,-1,0,0,16,  2750,  1500, 0,   0.0,0,202610030804011013
261003,京都,10,14,大山崎Ｓ･3勝,ダ,1200,ルクスデイジー,牝,4,川田将雅,56.0,高橋亮,栗,ルクス,いとう牧場,カリフォルニアクローム,スマートアストリア,22101127,1,ストラヴィンスキー,栗毛,7,-1,0,0,16,  5393,  1500, 0,   0.0,0,202610030804011014
261003,京都,10,15,大山崎Ｓ･3勝,ダ,1200,ジャーヴィス,牡,6,藤懸貴志,58.0,千田輝彦,栗,ノルマンディーサラブレッドレーシング,岡田スタツド,ビーチパトロール,ジェルヴェーズ,20103902,1,メイショウサムソン,黒鹿,8,-1,0,0,16,  4348,  1500, 0,   0.0,0,202610030804011015
261003,京都,10,16,大山崎Ｓ･3勝,ダ,1200,ギーロカスタル,牡,6,太宰啓介,58.0,伊藤大士,美,桑畑夏美,前谷武志,マインドユアビスケッツ,エナチャン,20104845,1,キンシャサノキセキ,鹿毛,8,-1,0,0,16,  3680,  1500, 0,   0.0,0,202610030804011016
261003,京都,11, 1,オパーＨ(L),芝,1200,カルチャーデイ,牝,5,酒井学,55.0,四位洋文,栗,MMSホールディングス,松田牧場,ファインニードル,ラルティスタ,21104556,1,マイネルラヴ,栗毛,1,-1,0,0,18,  7240,  3200, 0,   0.0,0,202610030804011101
261003,京都,11, 2,オパーＨ(L),芝,1200,ショウナンアビアス,牡,6,北村友一,56.0,加藤士津,美,国本哲秀,西村牧場,ドレフォン,ショウナンカサロ,20104597,1,キングカメハメハ,黒鹿,1,-1,0,0,18, 12614,  2240, 0,   0.0,0,202610030804011102
261003,京都,11, 3,オパーＨ(L),芝,1200,タマモイカロス,牡,3,松山弘平,55.0,藤岡健一,栗,タマモ,フジワラフアーム,デクラレーションオブウォー,タマモブリリアン,23103162,1,ダンスインザダーク,鹿毛,2,-1,0,0,18,  6890,  2200, 0,   0.0,0,202610030804011103
261003,京都,11, 4,オパーＨ(L),芝,1200,メイショウヨゾラ,牝,5,吉村誠之,53.0,高柳瑞樹,美,松本好隆,高柳隆男,グレーターロンドン,メイショウサリー,21101580,1,ヨハネスブルグ,鹿毛,2,-1,0,0,18,  6892,  2400, 0,   0.0,0,202610030804011104
261003,京都,11, 5,オパーＨ(L),芝,1200,フィオライア,牝,5,松若風馬,55.0,柴田卓,栗,友駿ホースクラブ,日高大洋牧場,ファインニードル,フルールシチー,21101924,1,サクラバクシンオー,栗毛,3,-1,0,0,18, 12924,  5650, 0,   0.0,0,202610030804011105
261003,京都,11, 6,オパーＨ(L),芝,1200,リリージョワ,牝,3,浜中俊,54.0,武幸四郎,栗,Gリビエール・レーシング,ノーザンファーム,シルバーステート,デサフィアンテ,23105312,1,キングカメハメハ,黒鹿,3,-1,0,0,18,  7150,  3600, 0,   0.0,0,202610030804011106
261003,京都,11, 7,オパーＨ(L),芝,1200,テーオーダヴィンチ,牡,8,菱田裕二,54.0,岡田稲男,栗,小笹公也,社台ファーム,ダイワメジャー,シークレットジプシー,18104633,1,"Sea of Secrets",栗毛,4,-1,0,0,18,  8550,  2400, 0,   0.0,0,202610030804011107
261003,京都,11, 8,オパーＨ(L),芝,1200,レッドエヴァンス,セ,5,西村淳也,55.0,東田明士,栗,東京ホースレーシング,ノーザンファーム,ロードカナロア,レッドアヴァンセ,21105880,1,ディープインパクト,黒鹿,4,-1,0,0,18, 10197,  2400, 0,   0.0,0,202610030804011108
261003,京都,11, 9,オパーＨ(L),芝,1200,タマモブラックタイ,牡,6,幸英明,57.0,角田晃一,栗,タマモ,対馬正,デクラレーションオブウォー,タマモイヤリング,20105400,1,ブラックタイド,鹿毛,5,-1,0,0,18,  9363,  4100, 0,   0.0,0,202610030804011109
261003,京都,11,10,オパーＨ(L),芝,1200,ヒシアイラ,牡,3,荻野極,55.0,池江泰寿,栗,"Hishi Partners",坂東牧場,モーリス,ジングルベルロック,23100545,1,"Rock of Gibraltar",黒鹿,5,-1,0,0,18,  4391,  1700, 0,   0.0,0,202610030804011110
261003,京都,11,11,オパーＨ(L),芝,1200,オタルエバー,牡,7,角田大和,56.0,中竹和也,栗,住谷幾久子,レイクヴィラファーム,リオンディーズ,ルージュクール,19105658,1,"Redoute's Choice",黒鹿,6,-1,0,0,18, 13560,  5000, 0,   0.0,0,202610030804011111
261003,京都,11,12,オパーＨ(L),芝,1200,デイトナモード,牡,6,斎藤新,54.0,千田輝彦,栗,前原敏行,チャンピオンズファーム,アメリカンペイトリオット,セクレタ,20101872,1,スズカマンボ,鹿毛,6,-1,0,0,18,  5945,  2400, 0,   0.0,0,202610030804011112
261003,京都,11,13,オパーＨ(L),芝,1200,クラスペディア,牡,4,小崎綾也,57.5,河嶋宏樹,栗,塚田義広,田端牧場,ミスターメロディ,ウンベラータ,22106394,1,アグネスタキオン,黒鹿,7,-1,0,0,18,  9740,  4000, 0,   0.0,0,202610030804011113
261003,京都,11,14,オパーＨ(L),芝,1200,ヤマニンアルリフラ,牡,5,Ｍ．デム,57.5,斉藤崇史,栗,土井肇,錦岡牧場,イスラボニータ,ヤマニンパピオネ,21106601,1,スウェプトオーヴァーボード,芦毛,7,-1,0,0,18, 11224,  4150, 0,   0.0,0,202610030804011114
261003,京都,11,15,オパーＨ(L),芝,1200,タガノアラリア,牡,3,鮫島克駿,55.0,西園翔太,栗,八木良司,新冠タガノファーム,ミスターメロディ,エイシンジルコン,23104313,1,ディープインパクト,黒鹿,7,-1,0,0,18,  5360,  2100, 0,   0.0,0,202610030804011115
261003,京都,11,16,オパーＨ(L),芝,1200,フロムダスク,牡,6,中井裕二,57.5,森秀行,栗,藤田晋,"Springhouse Farm","Bolt d'Oro","Foolish Cause",20110133,1,"Giant's Causeway",黒鹿,8,-1,0,0,18, 10634,  4100, 0,   0.0,0,202610030804011116
261003,京都,11,17,オパーＨ(L),芝,1200,ヨシノイースター,牡,8,坂井瑠星,58.0,中尾秀正,栗,清水義徳,ガーベラパークスタツド,ルーラーシップ,アースプレイ,18106055,1,ゼンノロブロイ,黒鹿,8,-1,0,0,18, 22057,  6600, 0,   0.0,0,202610030804011117
261003,京都,11,18,オパーＨ(L),芝,1200,ディアナザール,牡,4,川田将雅,56.0,斉藤崇史,栗,サンデーレーシング,ノーザンファーム,ロードカナロア,ドナウブルー,22104933,1,ディープインパクト,鹿毛,8,-1,0,0,18,  8190,  2400, 0,   0.0,0,202610030804011118
261003,京都,12, 1,２勝ｸﾗｽ,ダ,1800,ヒデノレインボー,牡,7,藤懸貴志,58.0,梅田智之,栗,大石秀夫,中村雅明,シニスターミニスター,カリビアンセレブ,19102705,1,ゴールドアリュール,鹿毛,1,-1,0,0,14,  4835,   900, 0,   0.0,0,202610030804011201
261003,京都,12, 2,２勝ｸﾗｽ,ダ,1800,フクキタテーラー,牝,4,小沢大仁,56.0,緒方努,栗,中西浩一,畠山牧場,ルヴァンスレーヴ,デュアルウィールド,22104292,1,アイルハヴアナザー,黒鹿,2,-1,0,0,14,  2221,   900, 0,   0.0,0,202610030804011202
261003,京都,12, 3,２勝ｸﾗｽ,ダ,1800,レイザリオ,牡,4,斎藤新,58.0,橋口慎介,栗,ケイズジャパン,ノーザンファーム,アドマイヤマーズ,テルアケリー,22104910,1,Tapit,栗毛,3,-1,0,0,14,  1746,   900, 0,   0.0,0,202610030804011203
261003,京都,12, 4,２勝ｸﾗｽ,ダ,1800,ジーニアスバローズ,セ,6,松若風馬,58.0,辻野泰之,栗,猪熊広次,桑田牧場,ハーツクライ,スカイノダン,20100681,1,サクラバクシンオー,黒鹿,3,-1,0,0,14,  4975,   900, 0,   0.0,0,202610030804011204
261003,京都,12, 5,２勝ｸﾗｽ,ダ,1800,ワンダーカモン,牡,5,Ｍ．デム,58.0,吉村圭司,栗,山本能成,高昭牧場,ワールドエース,ホッコータピタン,21100739,1,サウスヴィグラス,黒鹿,4,-1,0,0,14,  3463,   900, 0,   0.0,0,202610030804011205
261003,京都,12, 6,２勝ｸﾗｽ,ダ,1800,リヒトミューレ,牡,3,西村淳也,56.0,中村直也,栗,サンデーレーシング,ノーザンファーム,ポエティックフレア,ラシンティランテ,23107295,1,アグネスタキオン,鹿毛,4,-1,0,0,14,  2344,   900, 0,   0.0,0,202610030804011206
261003,京都,12, 7,２勝ｸﾗｽ,ダ,1800,タンテドヴィーヴル,牡,4,幸英明,58.0,斉藤崇史,栗,キャロットファーム,ノーザンファーム,ルヴァンスレーヴ,レネットグルーヴ,22105171,1,キングカメハメハ,鹿毛,5,-1,0,0,14,  3237,  1000, 0,   0.0,0,202610030804011207
261003,京都,12, 8,２勝ｸﾗｽ,ダ,1800,サルタール,セ,4,小崎綾也,58.0,小崎憲,栗,ノースヒルズ,ノースヒルズ,マジェスティックウォリアー,イグレット,22106617,1,"Distorted Humor",栗毛,5,-1,0,0,14,   740,   900, 0,   0.0,0,202610030804011208
261003,京都,12, 9,２勝ｸﾗｽ,ダ,1800,オオツカ,牡,3,坂井瑠星,56.0,大久保龍,栗,中辻明,秋田牧場,キタサンブラック,ブルーダイヤ,23103919,1,モーリス,鹿毛,6,-1,0,0,14,  2020,   900, 0,   0.0,0,202610030804011209
261003,京都,12,10,２勝ｸﾗｽ,ダ,1800,ショーダンサー,牡,4,国分優作,58.0,大根田裕,栗,吉冨学,ゼットステーブル,シニスターミニスター,カマクラ,22105885,1,シンボリクリスエス,青鹿,6,-1,0,0,14,  4145,   900, 0,   0.0,0,202610030804011210
261003,京都,12,11,２勝ｸﾗｽ,ダ,1800,ジョータルマエ,セ,6,鮫島良太,58.0,河嶋宏樹,栗,上田江吏子,斉藤政志,ホッコータルマエ,ジョーイロンデル,20100771,1,クロフネ,芦毛,7,-1,0,0,14,  6860,   900, 0,   0.0,0,202610030804011211
261003,京都,12,12,２勝ｸﾗｽ,ダ,1800,キングオブフジ,牡,5,中井裕二,58.0,角田晃一,栗,浅川慶太,協和牧場,ヘニーヒューズ,ヘイローフジ,21106164,1,キングヘイロー,栗毛,7,-1,0,0,14,  4415,   900, 0,   0.0,0,202610030804011212
261003,京都,12,13,２勝ｸﾗｽ,ダ,1800,メイショウコシュウ,牡,3,浜中俊,56.0,松永幹夫,栗,松本好隆,三嶋牧場,ナダル,メイショウササユリ,23105032,1,スズカマンボ,栗毛,8,-1,0,0,14,  2570,   900, 0,   0.0,0,202610030804011213
261003,京都,12,14,２勝ｸﾗｽ,ダ,1800,システマソラー,牡,3,川田将雅,56.0,橋田宜長,栗,森田和豊,辻牧場,ルヴァンスレーヴ,トーコーヴィーナス,23102120,1,クロフネ,鹿毛,8,-1,0,0,14,  4342,  1500, 0,   0.0,0,202610030804011214
